V1,V2
12tables.txt,2.51
1644.txt,23.44
abbofloracensis.txt,17
adso.txt,17
aelredus.txt,18.64
agnes.txt,19.5
alfonsi.disciplina.txt,18
andecavis.txt,15
andreasbergoma.txt,15.7
andronicus.txt,4.5
angilbert.txt,15
annalesregnifrancorum.txt,15
annalesvedastini.txt,16
anon.deramis.txt,19
anon.martyrio.txt,11
anon.nev.txt,16
anselmepistula.txt,18
anselmproslogion.txt,18
arbroath.txt,20.2
archpoet.txt,18
arnulf.txt,16
asconius.txt,7.5
aus.mos.txt,10.5
aus.sept.sent.txt,10.5
avianus.txt,11
avienus.ora.txt,10.5
avienus.periegesis.txt,10.5
axio.txt,11.5
balbus.txt,7.5
balde1.txt,23.5
balde2.txt,23.5
bebel.txt,22
benedict.txt,12.16
berengar.txt,16
bernardcluny1.txt,18.5
bernardcluny2.txt,18.5
biggs.txt,22.88
bill.rights.txt,25
blesensis.txt,19
bonaventura.itinerarium.txt,19.5
boskovic.txt,24.5
brevechronicon.txt,18
buchanan.txt,22.71
calpurniusflaccus.txt,8
carm.bur.txt,19.3
carmeninvictoriam.txt,18
catalogueliberien.txt,10.5
catullus.txt,6.5
celtis.odes.txt,22
celtis.oratio.txt,22
censorinus.txt,9.5
cinna.txt,6.5
claud.inscr.txt,7.48
clitophon.txt,3.5
colman.txt,15
columbus.txt,22
corvinus1.txt,22
corvinus2.txt,22
cotta.txt,22
debury.txt,20
declaratio.txt,26.5
decretum.txt,12.5
dicchristi.txt,19
don.txt,10
dulcesolum.txt,19
dumdiane.txt,19
dumestas.txt,19
ebulo.txt,11.96
egeria1.txt,10.8
egeria2.txt,10.8
ein.txt,15
ency.fides.txt,26.83
enn.txt,5
ennodius.txt,12
epitomecononiana.txt,12.3
epitomefeliciana.txt,12.3
erchempert.txt,16
estas.txt,19
eucherius.txt,11
eugenius.txt,16
eugippius.txt,12
exivi.txt,20
fabe.txt,20
falcandus.txt,19
falcone.txt,18
ferraria.txt,22
ficino.txt,21.5
fletcher.txt,23
florus1.txt,8
florus2.txt,8
foedusaeternum.txt,19.91
forsett1.txt,22.81
forsett2.txt,22.81
fortunat.txt,13
fredegarius.txt,13.5
frodebertus.txt,13
fronto.txt,8.3
fulbert.txt,17
gaius1.txt,9
gaius2.txt,9
gaius3.txt,9
gaius4.txt,9
garcilaso.txt,23
garland.txt,19
gaud.txt,20
gauss.txt,25
germanicus.txt,7
gestarom.txt,20
gioacchino.txt,19
godfrey.epigrammata.txt,18
godfrey.epigrammatahist.txt,18
grattius.txt,7
gravissimas.txt,22.82
greg.txt,13
gregdecretals1.txt,19.5
gregdecretals2.txt,19.5
gregdecretals3.txt,19.5
gregdecretals4.txt,19.5
gregdecretals5.txt,19.5
gregory7.txt,17.5
gwinne1.txt,23
gwinne2.txt,23
gwinne3.txt,23
gwinne4.txt,23
gwinne5.1.txt,23
gwinne5.2.txt,23
gwinne5.3.txt,23
gwinne5.4.txt,23
halley.txt,24
hebet.txt,19
henry1.txt,22
henry2.txt,22
henry3.txt,22
henrysettimello.txt,19
hipp.txt,25
histapoll.txt,19
histbrit.txt,15
holberg.txt,24
hrabanus.txt,15
hydatiuschronicon.txt,11.5
hydatiusfasti.txt,11.5
iabervocius.txt,25.5
iamdulcis.txt,19
ilias.txt,7.6
innocent1.txt,19
innocent2.txt,19
inquisitio.txt,17
iordanes1.txt,12.5
iordanes2.txt,12.5
janus1.txt,22
janus2.txt,22
jfkhonor.txt,26.5
johannes.txt,19.5
junillus.txt,12.5
kalila.txt,19.7
landor.1858.txt,25.58
landor1795.txt,24.95
landor1806.txt,25.06
landor1810.txt,25.1
legenda.stephani.txt,17.8
leo1.txt,16
leo2.txt,16
leo3.txt,16
letabundus.txt,19
levis.txt,17.5
lhomond.historiae.txt,24.5
lhomond.viris.txt,24.5
lotichius.txt,23
luther.95.txt,22
luther.lteramus.txt,22
luther.praef.txt,22
macarius.txt,11
macarius1.txt,11
magnacarta.txt,19
maidstone.txt,22
malaterra1.txt,17
malaterra2.txt,17
malaterra3.txt,17
malaterra4.txt,17
manilius1.txt,21.5
manilius2.txt,21.5
manilius3.txt,21.5
manilius4.txt,21.5
manilius5.txt,21.5
mapps1.txt,19
mapps2.txt,19
marbodus.txt,18
marcellinus1.txt,12
marcellinus2.txt,12
marullo.txt,22
marx.txt,25
maximianus.txt,12
milton.quintnov.txt,23
minucius.txt,9
mirabilia.txt,18.5
mirabilia1.txt,18.5
montanus.txt,22.5
more.txt,22
musavenit.txt,19
naevius.txt,5
navagero.txt,22
nemesianus1.txt,10
nemesianus2.txt,10
nemesianus3.txt,10
nemesianus4.txt,10
newton.capita.txt,24
newton.leges.txt,24
newton.regulae.txt,24
newton.scholium.txt,24
nithardus1.txt,15
nithardus2.txt,15
nithardus3.txt,15
nithardus4.txt,15
nobilis.txt,19
notitia1.txt,11.25
notitia2.txt,11.25
novatian.txt,9
obsequens.txt,4.5
omnegenus.txt,19
oratio.stephani.txt,21.5
oresmius.txt,20.5
origo.txt,13
owen.txt,23
paris.txt,10
pascoli.catull.txt,26
pascoli.iug.txt,26
pascoli.laur.txt,26
pascoli.sen.txt,26
pascoli.veianius.txt,26
passerat.txt,23
patricius1.txt,22.5
patricius2.txt,22.5
paulinus.ausonium.txt,11
paulinus.poemata.txt,11
perp.txt,9
persius.txt,7
petrarch.ep1.txt,20.5
petrarch.numa.txt,20.5
petrarch.rom.txt,20.5
petrarchmedicus.txt,20.5
petronius1.txt,7.5
petroniusfrag.txt,7.5
phaedr1.txt,7
phaedr2.txt,7
phaedr3.txt,7
phaedr4.txt,7
phaedr5.txt,7
phaedrapp.txt,7
piccolomini.carmen.txt,21.5
piccolomini.ep1.txt,21.5
piccolomini.ep2.txt,21.5
piccolomini.ep3.txt,21.5
piccolomini.ep4.txt,21.5
piccolomini.ep5.txt,21.5
piccolomini.ep6.txt,21.5
piccolomini.turcos.txt,21.5
planctus.txt,19
pliny.ep1.txt,7.5
pliny.ep10.txt,7.5
pliny.ep2.txt,7.5
pliny.ep3.txt,7.5
pliny.ep4.txt,7.5
pliny.ep5.txt,7.5
pliny.ep6.txt,7.5
pliny.ep7.txt,7.5
pliny.ep8.txt,7.5
pliny.ep9.txt,7.5
pliny.nh1.txt,7.5
pliny.nh2.txt,7.5
pliny.nh3.txt,7.5
pliny.nh4.txt,7.5
pliny.nh5.txt,7.5
pliny.nhpr.txt,7.5
pliny.panegyricus.txt,7.5
poggio.txt,21
pomponius1.txt,7
pomponius2.txt,7
pomponius3.txt,7
pontano.txt,22
poree.txt,24
porphyrius.txt,10
potatores.txt,19
prataiam.txt,19
priapea.txt,8
professio.txt,11.5
prop2.txt,7
prop3.txt,7
prop4.txt,7
propertius1.txt,7
prosperus.epistola.txt,11
prosperus.rufinum.txt,11
prosperus.sententiae.txt,11
psplato.amatores.txt,21.5
psplato.demodocus.txt,21.5
psplato.eryxias.txt,21.5
psplato.halcyon.txt,21.5
psplato.iusto.txt,21.5
psplato.minos.txt,21.5
psplato.sisyphus.txt,21.5
psplato.virtu.txt,21.5
quum.txt,20
raoul.txt,18
regula.txt,12
reposianus.txt,9.8
resgestae.txt,7
resgestae1.txt,7
rhetores.txt,6
richerus1.txt,16.5
richerus2.txt,16.5
richerus3.txt,16.5
richerus4.txt,16.5
rimbaud.txt,26
ruaeus.txt,24
rumor.txt,19
rutilius.txt,11
rutiliuslupus.txt,8
sabinus1.txt,7
sabinus2.txt,7
sabinus3.txt,7
sall.1.txt,6.5
sall.2.txt,6.5
sall.cotta.txt,6.5
sall.ep1.txt,6.5
sall.ep2.txt,6.5
sall.frag.txt,6.5
sall.invectiva.txt,6.5
sall.lep.txt,6.5
sall.macer.txt,6.5
sall.mithr.txt,6.5
sall.phil.txt,6.5
sall.pomp.txt,6.5
sannazaro1.txt,22
sannazaro2.txt,22
scaliger.txt,23
scbaccanalibus.txt,5
scottus.txt,15.5
sedulius.solis.txt,11
sedulius1.txt,11
sedulius2.txt,11
sedulius3.txt,11
sedulius4.txt,11
sedulius5.txt,11
seneca.contr1.txt,7
seneca.contr10.txt,7
seneca.contr2.txt,7
seneca.contr3.txt,7
seneca.contr4.txt,7
seneca.contr5.txt,7
seneca.contr6.txt,7
seneca.contr7.txt,7
seneca.contr8.txt,7
seneca.contr9.txt,7
seneca.fragmenta.txt,7
seneca.suasoriae.txt,7
septsap.txt,19
sicmeafata.txt,19
sidonius1.txt,11.5
sidonius2.txt,11.5
sidonius3.txt,11.5
sidonius4.txt,11.5
sidonius5.txt,11.5
sidonius6.txt,11.5
sidonius7.txt,11.5
sidonius8.txt,11.5
sidonius9.txt,11.5
sigebert.script.txt,18
sigebert.virgin.txt,18
sigebert.vitabrevior.txt,18
simedignetur.txt,19
smarius.txt,27
solet.txt,19.23
solinus1.txt,9
solinus1a.txt,9
solinus2.txt,9
solinus2a.txt,9
solinus3.txt,9
solinus3a.txt,9
solinus4.txt,9
solinus4a.txt,9
solinus5.txt,9
spinoza.ethica1.txt,23.5
spinoza.ethica2.txt,23.5
spinoza.ethica3.txt,23.5
spinoza.ethica4.txt,23.5
spinoza.ethica5.txt,23.5
sulpicia.txt,6
sulpiciusseveruschron1.txt,11
sulpiciusseveruschron2.txt,11
sulpiciusseverusmartin.txt,11
suscipeflos.txt,19
syrus.txt,6.5
tempusest.txt,19
ter.adel.txt,5
ter.andria.txt,5
ter.eunuchus.txt,5
ter.heauton.txt,5
ter.hecyra.txt,5
ter.phormio.txt,5
terraiam.txt,19
testamentum.txt,10.5
theganus.txt,15
theodolus.txt,11
theophanes.txt,24
thesauro.txt,19
thomasedessa.txt,12
tibullus1.txt,6.5
tibullus2.txt,6.5
tibullus3.txt,6.5
tunger.txt,15
valeriusflaccus1.txt,7.5
valeriusflaccus2.txt,7.5
valeriusflaccus3.txt,7.5
valeriusflaccus4.txt,7.5
valeriusflaccus5.txt,7.5
valeriusflaccus6.txt,7.5
valeriusflaccus7.txt,7.5
valeriusflaccus8.txt,7.5
valmax1.txt,7
valmax2.txt,7
valmax3.txt,7
valmax4.txt,7
valmax5.txt,7
valmax6.txt,7
valmax7.txt,7
valmax8.txt,7
valmax9.txt,7
varro.frag.txt,6
varro.ll10.txt,6
varro.ll5.txt,6
varro.ll6.txt,6
varro.ll7.txt,6
varro.ll8.txt,6
varro.ll9.txt,6
varro.rr1.txt,6
varro.rr2.txt,6
varro.rr3.txt,6
vegetius1.txt,20
vegetius2.txt,20
vegetius3.txt,20
vegetius4.txt,20
vegius.txt,21
vell1.txt,7
vell2.txt,7
venantius.txt,13
vestiunt.txt,17
vicentius.txt,11
vico.orat6.txt,24
victor.caes.txt,10.5
victor.caes2.txt,10.5
victor.ill.txt,10.5
victor.origio.txt,10.5
vida.txt,22.5
vitacaroli.txt,19
vitruvius1.txt,6.5
vitruvius10.txt,6.5
vitruvius2.txt,6.5
vitruvius3.txt,6.5
vitruvius4.txt,6.5
vitruvius5.txt,6.5
vitruvius6.txt,6.5
vitruvius7.txt,6.5
vitruvius8.txt,6.5
vitruvius9.txt,6.5
volovirum.txt,19
waardenburg.txt,24
waltarius1.txt,17
waltarius2.txt,17
waltarius3.txt,17
walter10.txt,18
walter11.txt,18
walter12.txt,18
walter4.txt,18
walter5.txt,18
walter6.txt,18
walter7.txt,18
walter8.txt,18
walter9.txt,18
williamapulia.txt,18
withof.txt,24
withof1.txt,24
withof2.txt,24
withof3.txt,24
withof4.txt,24
withof5.txt,24
withof6.txt,24
withof7.txt,24
wmconchesdogma.txt,18
wmconchesphil.txt,18
zonaras.txt,18
abelard\dialogus.txt,18
abelard\epistola.txt,18
abelard\historia.txt,18
addison\barometri.txt,24
addison\burnett.txt,24
addison\hannes.txt,24
addison\machinae.txt,24
addison\pax.txt,24
addison\praelium.txt,24
addison\preface.txt,24
addison\resurr.txt,24
addison\sphaer.txt,24
alanus\alanus1.txt,17.5
alanus\alanus2.txt,17.5
albertanus\albertanus.arsloquendi.txt,19.5
albertanus\albertanus.liberconsol.txt,19.5
albertanus\albertanus.sermo.txt,19.5
albertanus\albertanus.sermo1.txt,19.5
albertanus\albertanus.sermo2.txt,19.5
albertanus\albertanus.sermo3.txt,19.5
albertanus\albertanus.sermo4.txt,19.5
albertanus\albertanus1.txt,19.5
albertanus\albertanus2.txt,19.5
albertanus\albertanus3.txt,19.5
albertanus\albertanus4.txt,19.5
albertofaix\hist1.txt,18
albertofaix\hist10.txt,18
albertofaix\hist11.txt,18
albertofaix\hist12.txt,18
albertofaix\hist2.txt,18
albertofaix\hist3.txt,18
albertofaix\hist4.txt,18
albertofaix\hist5.txt,18
albertofaix\hist6.txt,18
albertofaix\hist7.txt,18
albertofaix\hist8.txt,18
albertofaix\hist9.txt,18
alcuin\cella.txt,14.5
alcuin\conflictus.txt,14.5
alcuin\epitaphium.txt,14.5
alcuin\luscinia.txt,14.5
alcuin\propos.txt,14.5
alcuin\rec.txt,14.5
alcuin\rhetorica.txt,14.5
alcuin\sequentia.txt,14.5
alcuin\versus.txt,14.5
ambrose\epist.txt,10.5
ambrose\epistvaria.txt,10.5
ambrose\hymns.txt,10.5
ambrose\mysteriis.txt,10.5
ammianus\14.txt,10
ammianus\15.txt,10
ammianus\16.txt,10
ammianus\17.txt,10
ammianus\18.txt,10
ammianus\19.txt,10
ammianus\20.txt,10
ammianus\21.txt,10
ammianus\22.txt,10
ammianus\23.txt,10
ammianus\24.txt,10
ammianus\25.txt,10
ammianus\26.txt,10
ammianus\27.txt,10
ammianus\28.txt,10
ammianus\29.txt,10
ammianus\30.txt,10
ammianus\31.txt,10
apuleius\apuleius.apol.txt,8.5
apuleius\apuleius.cupid.txt,8.5
apuleius\apuleius.deosocratis.txt,8.5
apuleius\apuleius.dog1.txt,8.5
apuleius\apuleius.dog2.txt,8.5
apuleius\apuleius.florida.txt,8.5
apuleius\apuleius.mundo.txt,8.5
apuleius\apuleius1.txt,8.5
apuleius\apuleius10.txt,8.5
apuleius\apuleius11.txt,8.5
apuleius\apuleius2.txt,8.5
apuleius\apuleius3.txt,8.5
apuleius\apuleius4.txt,8.5
apuleius\apuleius5.txt,8.5
apuleius\apuleius6.txt,8.5
apuleius\apuleius7.txt,8.5
apuleius\apuleius8.txt,8.5
apuleius\apuleius9.txt,8.5
aquinas\corpuschristi.txt,19.5
aquinas\ente.txt,19.5
aquinas\epist.txt,19.5
aquinas\expositio.txt,19.5
aquinas\p1.txt,19.5
aquinas\princ.txt,19.5
aquinas\prologus.txt,19.5
aquinas\q1.1.txt,19.5
aquinas\q1.10.txt,19.5
aquinas\q1.11.txt,19.5
aquinas\q1.12.txt,19.5
aquinas\q1.13.txt,19.5
aquinas\q1.14.txt,19.5
aquinas\q1.15.txt,19.5
aquinas\q1.16.txt,19.5
aquinas\q1.17.txt,19.5
aquinas\q1.18.txt,19.5
aquinas\q1.19.txt,19.5
aquinas\q1.2.txt,19.5
aquinas\q1.20.txt,19.5
aquinas\q1.21.txt,19.5
aquinas\q1.22.txt,19.5
aquinas\q1.23.txt,19.5
aquinas\q1.24.txt,19.5
aquinas\q1.25.txt,19.5
aquinas\q1.26.txt,19.5
aquinas\q1.27.txt,19.5
aquinas\q1.28.txt,19.5
aquinas\q1.29.txt,19.5
aquinas\q1.3.txt,19.5
aquinas\q1.30.txt,19.5
aquinas\q1.31.txt,19.5
aquinas\q1.32.txt,19.5
aquinas\q1.33.txt,19.5
aquinas\q1.34.txt,19.5
aquinas\q1.35.txt,19.5
aquinas\q1.36.txt,19.5
aquinas\q1.37.txt,19.5
aquinas\q1.38.txt,19.5
aquinas\q1.39.txt,19.5
aquinas\q1.4.txt,19.5
aquinas\q1.40.txt,19.5
aquinas\q1.41.txt,19.5
aquinas\q1.42.txt,19.5
aquinas\q1.43.txt,19.5
aquinas\q1.44.txt,19.5
aquinas\q1.45.txt,19.5
aquinas\q1.46.txt,19.5
aquinas\q1.47.txt,19.5
aquinas\q1.48.txt,19.5
aquinas\q1.49.txt,19.5
aquinas\q1.5.txt,19.5
aquinas\q1.50.txt,19.5
aquinas\q1.51.txt,19.5
aquinas\q1.52.txt,19.5
aquinas\q1.53.txt,19.5
aquinas\q1.54.txt,19.5
aquinas\q1.55.txt,19.5
aquinas\q1.56.txt,19.5
aquinas\q1.57.txt,19.5
aquinas\q1.58.txt,19.5
aquinas\q1.59.txt,19.5
aquinas\q1.6.txt,19.5
aquinas\q1.60.txt,19.5
aquinas\q1.61.txt,19.5
aquinas\q1.62.txt,19.5
aquinas\q1.63.txt,19.5
aquinas\q1.64.txt,19.5
aquinas\q1.65.txt,19.5
aquinas\q1.66.txt,19.5
aquinas\q1.67.txt,19.5
aquinas\q1.68.txt,19.5
aquinas\q1.69.txt,19.5
aquinas\q1.7.txt,19.5
aquinas\q1.70.txt,19.5
aquinas\q1.71.txt,19.5
aquinas\q1.72.txt,19.5
aquinas\q1.73.txt,19.5
aquinas\q1.74.txt,19.5
aquinas\q1.8.txt,19.5
aquinas\q1.80.txt,19.5
aquinas\q1.81.txt,19.5
aquinas\q1.82.txt,19.5
aquinas\q1.83.txt,19.5
aquinas\q1.86.txt,19.5
aquinas\q1.87.txt,19.5
aquinas\q1.9.txt,19.5
arnobius\arnobius1.txt,10
arnobius\arnobius2.txt,10
arnobius\arnobius3.txt,10
arnobius\arnobius4.txt,10
arnobius\arnobius5.txt,10
arnobius\arnobius6.txt,10
arnobius\arnobius7.txt,10
augustine\catechizandis.txt,11
augustine\civ1.txt,11
augustine\civ10.txt,11
augustine\civ11.txt,11
augustine\civ12.txt,11
augustine\civ13.txt,11
augustine\civ14.txt,11
augustine\civ15.txt,11
augustine\civ16.txt,11
augustine\civ17.txt,11
augustine\civ18.txt,11
augustine\civ19.txt,11
augustine\civ2.txt,11
augustine\civ20.txt,11
augustine\civ21.txt,11
augustine\civ22.txt,11
augustine\civ3.txt,11
augustine\civ4.txt,11
augustine\civ5.txt,11
augustine\civ6.txt,11
augustine\civ7.txt,11
augustine\civ8.txt,11
augustine\civ9.txt,11
augustine\conf1.txt,11
augustine\conf10.txt,11
augustine\conf11.txt,11
augustine\conf12.txt,11
augustine\conf13.txt,11
augustine\conf2.txt,11
augustine\conf3.txt,11
augustine\conf4.txt,11
augustine\conf5.txt,11
augustine\conf6.txt,11
augustine\conf7.txt,11
augustine\conf8.txt,11
augustine\conf9.txt,11
augustine\dia.txt,11
augustine\epistula.txt,11
augustine\fide.txt,11
augustine\iulianus1.txt,11
augustine\iulianus2.txt,11
augustine\reg.txt,11
augustine\serm1.txt,11
augustine\serm10.txt,11
augustine\serm11.txt,11
augustine\serm12.txt,11
augustine\serm13.txt,11
augustine\serm14.txt,11
augustine\serm15.txt,11
augustine\serm16.txt,11
augustine\serm17.txt,11
augustine\serm18.txt,11
augustine\serm19.txt,11
augustine\serm2.txt,11
augustine\serm20.txt,11
augustine\serm4.txt,11
augustine\serm5.txt,11
augustine\serm6.txt,11
augustine\serm7.txt,11
augustine\serm71.txt,11
augustine\serm72.txt,11
augustine\serm73.txt,11
augustine\serm74.txt,11
augustine\serm75.txt,11
augustine\serm76.txt,11
augustine\serm77.txt,11
augustine\serm78.txt,11
augustine\serm79.txt,11
augustine\serm8.txt,11
augustine\serm80.txt,11
augustine\serm81.txt,11
augustine\serm82.txt,11
augustine\serm83.txt,11
augustine\serm87.txt,11
augustine\serm88.txt,11
augustine\serm9.txt,11
augustine\serm90.txt,11
augustine\serm92.txt,11
augustine\serm95.txt,11
augustine\serm99.txt,11
augustine\trin1.txt,11
augustine\trin10.txt,11
augustine\trin11.txt,11
augustine\trin12.txt,11
augustine\trin13.txt,11
augustine\trin14.txt,11
augustine\trin15.txt,11
augustine\trin2.txt,11
augustine\trin3.txt,11
augustine\trin4.txt,11
augustine\trin5.txt,11
augustine\trin6.txt,11
augustine\trin7.txt,11
augustine\trin8.txt,11
augustine\trin9.txt,11
bacon\bacon.distributio.txt,23
bacon\bacon.epistola.txt,23
bacon\bacon.hist1.txt,23
bacon\bacon.hist10.txt,23
bacon\bacon.hist11.txt,23
bacon\bacon.hist2.txt,23
bacon\bacon.hist3.txt,23
bacon\bacon.hist4.txt,23
bacon\bacon.hist5.txt,23
bacon\bacon.hist6.txt,23
bacon\bacon.hist7.txt,23
bacon\bacon.hist8.txt,23
bacon\bacon.hist9.txt,23
bacon\bacon.intro.txt,23
bacon\bacon.liber1.txt,23
bacon\bacon.liber2.txt,23
bacon\bacon.praefatio.txt,23
bacon\bacon.praefatio2.txt,23
bacon\bacon.sermones.txt,23
bacon\bacon.titlepage.txt,23
bede\bede1.txt,14
bede\bede2.txt,14
bede\bede3.txt,14
bede\bede4.txt,14
bede\bede5.txt,14
bede\bedecontinuatio.txt,14
bede\bedepraef.txt,14
bede\bedeproverbs.txt,14
boethiusdacia\deaeternitate.txt,12
boethiusdacia\desummobono.txt,12
bultelius\bultelius1.txt,22.8
bultelius\bultelius2.txt,22.8
caesar\alex.txt,6.4
caesar\bc1.txt,6.4
caesar\bc2.txt,6.4
caesar\bc3.txt,6.4
caesar\bellafr.txt,6.4
caesar\gall1.txt,6.4
caesar\gall2.txt,6.4
caesar\gall3.txt,6.4
caesar\gall4.txt,6.4
caesar\gall5.txt,6.4
caesar\gall6.txt,6.4
caesar\gall7.txt,6.4
caesar\gall8.txt,6.4
caesar\hisp.txt,6.4
campion\campion.elegies.txt,23
campion\campion.epigr1.txt,23
campion\campion.epigr2.txt,23
campion\campion.misc.txt,23
campion\campion.plot1.txt,23
campion\campion.plot2.txt,23
campion\campion.thamesin.txt,23
campion\campion.umbra.txt,23
capellanus\capellanus1.txt,18
capellanus\capellanus2.txt,18
capellanus\capellanus3.txt,18
cassiodorus\anima.txt,12.2
cassiodorus\epist.txt,12.2
cassiodorus\musica.txt,12.2
cassiodorus\orationes.txt,12.2
cassiodorus\varia.praef.txt,12.2
cassiodorus\varia1.txt,12.2
cassiodorus\varia10.txt,12.2
cassiodorus\varia11.txt,12.2
cassiodorus\varia12.txt,12.2
cassiodorus\varia2.txt,12.2
cassiodorus\varia3.txt,12.2
cassiodorus\varia4.txt,12.2
cassiodorus\varia5.txt,12.2
cassiodorus\varia6.txt,12.2
cassiodorus\varia7.txt,12.2
cassiodorus\varia8.txt,12.2
cassiodorus\varia9.txt,12.2
cato\cato.agri.txt,5
cato\cato.frag.txt,5
cicero\acad.txt,6.3
cicero\adbrutum1.txt,6.3
cicero\adbrutum2.txt,6.3
cicero\amic.txt,6.3
cicero\arch.txt,6.3
cicero\att1.txt,6.3
cicero\att10.txt,6.3
cicero\att11.txt,6.3
cicero\att12.txt,6.3
cicero\att13.txt,6.3
cicero\att14.txt,6.3
cicero\att15.txt,6.3
cicero\att16.txt,6.3
cicero\att2.txt,6.3
cicero\att3.txt,6.3
cicero\att4.txt,6.3
cicero\att5.txt,6.3
cicero\att6.txt,6.3
cicero\att7.txt,6.3
cicero\att8.txt,6.3
cicero\att9.txt,6.3
cicero\balbo.txt,6.3
cicero\brut.txt,6.3
cicero\caecilium.txt,6.3
cicero\caecina.txt,6.3
cicero\cael.txt,6.3
cicero\cat1.txt,6.3
cicero\cat2.txt,6.3
cicero\cat3.txt,6.3
cicero\cat4.txt,6.3
cicero\cluentio.txt,6.3
cicero\compet.txt,6.3
cicero\consulatu.txt,6.3
cicero\deio.txt,6.3
cicero\divinatione1.txt,6.3
cicero\divinatione2.txt,6.3
cicero\domo.txt,6.3
cicero\fam1.txt,6.3
cicero\fam10.txt,6.3
cicero\fam11.txt,6.3
cicero\fam12.txt,6.3
cicero\fam13.txt,6.3
cicero\fam14.txt,6.3
cicero\fam15.txt,6.3
cicero\fam16.txt,6.3
cicero\fam2.txt,6.3
cicero\fam3.txt,6.3
cicero\fam4.txt,6.3
cicero\fam5.txt,6.3
cicero\fam6.txt,6.3
cicero\fam7.txt,6.3
cicero\fam8.txt,6.3
cicero\fam9.txt,6.3
cicero\fato.txt,6.3
cicero\fin1.txt,6.3
cicero\fin2.txt,6.3
cicero\fin3.txt,6.3
cicero\fin4.txt,6.3
cicero\fin5.txt,6.3
cicero\flacco.txt,6.3
cicero\fonteio.txt,6.3
cicero\fratrem1.txt,6.3
cicero\fratrem2.txt,6.3
cicero\fratrem3.txt,6.3
cicero\haruspicum.txt,6.3
cicero\imp.txt,6.3
cicero\inventione1.txt,6.3
cicero\inventione2.txt,6.3
cicero\leg1.txt,6.3
cicero\leg2.txt,6.3
cicero\leg3.txt,6.3
cicero\legagr1.txt,6.3
cicero\legagr2.txt,6.3
cicero\legagr3.txt,6.3
cicero\lig.txt,6.3
cicero\marc.txt,6.3
cicero\milo.txt,6.3
cicero\murena.txt,6.3
cicero\nd1.txt,6.3
cicero\nd2.txt,6.3
cicero\nd3.txt,6.3
cicero\off1.txt,6.3
cicero\off2.txt,6.3
cicero\off3.txt,6.3
cicero\optgen.txt,6.3
cicero\orator.txt,6.3
cicero\oratore1.txt,6.3
cicero\oratore2.txt,6.3
cicero\oratore3.txt,6.3
cicero\paradoxa.txt,6.3
cicero\partitione.txt,6.3
cicero\phil1.txt,6.3
cicero\phil10.txt,6.3
cicero\phil11.txt,6.3
cicero\phil12.txt,6.3
cicero\phil13.txt,6.3
cicero\phil14.txt,6.3
cicero\phil2.txt,6.3
cicero\phil3.txt,6.3
cicero\phil4.txt,6.3
cicero\phil5.txt,6.3
cicero\phil6.txt,6.3
cicero\phil7.txt,6.3
cicero\phil8.txt,6.3
cicero\phil9.txt,6.3
cicero\piso.txt,6.3
cicero\plancio.txt,6.3
cicero\postreditum.txt,6.3
cicero\postreditum2.txt,6.3
cicero\prov.txt,6.3
cicero\quinc.txt,6.3
cicero\rabirio.txt,6.3
cicero\rabiriopost.txt,6.3
cicero\repub1.txt,6.3
cicero\repub2.txt,6.3
cicero\repub3.txt,6.3
cicero\repub4.txt,6.3
cicero\repub5.txt,6.3
cicero\repub6.txt,6.3
cicero\rosccom.txt,6.3
cicero\scauro.txt,6.3
cicero\senectute.txt,6.3
cicero\sestio.txt,6.3
cicero\sex.rosc.txt,6.3
cicero\sulla.txt,6.3
cicero\topica.txt,6.3
cicero\tusc1.txt,6.3
cicero\tusc2.txt,6.3
cicero\tusc3.txt,6.3
cicero\tusc4.txt,6.3
cicero\tusc5.txt,6.3
cicero\vatin.txt,6.3
cicero\ver1.txt,6.3
cicero\verres.2.1.txt,6.3
cicero\verres.2.2.txt,6.3
cicero\verres.2.3.txt,6.3
cicero\verres.2.4.txt,6.3
cicero\verres.2.5.txt,6.3
claudian\claudian.cons6.txt,11
claudian\claudian.olyb.txt,11
claudian\claudian.proserp1.txt,11
claudian\claudian.proserp2.txt,11
claudian\claudian.proserp3.txt,11
claudian\claudian.ruf1.txt,11
columella\columella.arbor.txt,7.5
columella\columella.rr1.txt,7.5
columella\columella.rr10.txt,7.5
columella\columella.rr11.txt,7.5
columella\columella.rr12.txt,7.5
columella\columella.rr2.txt,7.5
columella\columella.rr3.txt,7.5
columella\columella.rr4.txt,7.5
columella\columella.rr5.txt,7.5
columella\columella.rr6.txt,7.5
columella\columella.rr7.txt,7.5
columella\columella.rr8.txt,7.5
columella\columella.rr9.txt,7.5
commodianus\commodianus1.txt,9.5
commodianus\commodianus2.txt,9.5
commodianus\commodianus3.txt,9.5
curtius\curtius10.txt,7.5
curtius\curtius3.txt,7.5
curtius\curtius4.txt,7.5
curtius\curtius5.txt,7.5
curtius\curtius6.txt,7.5
curtius\curtius7.txt,7.5
curtius\curtius8.txt,7.5
curtius\curtius9.txt,7.5
dante\ec1.txt,20
dante\ep.txt,20
dante\mon1.txt,20
dante\mon2.txt,20
dante\mon3.txt,20
dante\vulgar.txt,20
dante\vulgar2.txt,20
descartes\des.ep.txt,23.3
descartes\des.med1.txt,23.3
descartes\des.med2.txt,23.3
descartes\des.med3.txt,23.3
descartes\des.med4.txt,23.3
descartes\des.med5.txt,23.3
descartes\des.med6.txt,23.3
descartes\des.pr.txt,23.3
descartes\des.syn.txt,23.3
erasmus\antibarb.txt,22
erasmus\coll.txt,22
erasmus\ep.txt,22
erasmus\inst.txt,22
erasmus\laude.txt,22
erasmus\moriae.txt,22
erasmus\querela.txt,22
eutropius\eutropius1.txt,10.5
eutropius\eutropius10.txt,10.5
eutropius\eutropius2.txt,10.5
eutropius\eutropius3.txt,10.5
eutropius\eutropius4.txt,10.5
eutropius\eutropius5.txt,10.5
eutropius\eutropius6.txt,10.5
eutropius\eutropius7.txt,10.5
eutropius\eutropius8.txt,10.5
eutropius\eutropius9.txt,10.5
frontinus\aqua1.txt,8
frontinus\aqua2.txt,8
frontinus\contro.txt,8
frontinus\lim.txt,8
frontinus\mensoria.txt,8
frontinus\qualitate.txt,8
frontinus\strat1.txt,8
frontinus\strat2.txt,8
frontinus\strat3.txt,8
frontinus\strat4.txt,8
fulgentius\fulgentius1.txt,12
fulgentius\fulgentius2.txt,12
fulgentius\fulgentius3.txt,12
fulgentius\fulgentius4.txt,12
fulgentius\fulgentius5.txt,12
galileo\galileo.sid.txt,23
gellius\gellius1.txt,8.5
gellius\gellius10.txt,8.5
gellius\gellius11.txt,8.5
gellius\gellius13.txt,8.5
gellius\gellius2.txt,8.5
gellius\gellius20.txt,8.5
gellius\gellius3.txt,8.5
gellius\gellius4.txt,8.5
gellius\gellius5.txt,8.5
gellius\gellius6.txt,8.5
gellius\gellius7.txt,8.5
gellius\gellius8.txt,8.5
gellius\gellius9.txt,8.5
gellius\gelliuscapitula.txt,8.5
gellius\gelliuspraef.txt,8.5
gestafrancorum\gestafrancorum1.txt,18
gestafrancorum\gestafrancorum10.txt,18
gestafrancorum\gestafrancorum2.txt,18
gestafrancorum\gestafrancorum3.txt,18
gestafrancorum\gestafrancorum4.txt,18
gestafrancorum\gestafrancorum5.txt,18
gestafrancorum\gestafrancorum6.txt,18
gestafrancorum\gestafrancorum7.txt,18
gestafrancorum\gestafrancorum8.txt,18
gestafrancorum\gestafrancorum9.txt,18
gregorytours\gregorytours1.txt,13
gregorytours\gregorytours10.txt,13
gregorytours\gregorytours2.txt,13
gregorytours\gregorytours3.txt,13
gregorytours\gregorytours4.txt,13
gregorytours\gregorytours5.txt,13
gregorytours\gregorytours6.txt,13
gregorytours\gregorytours7.txt,13
gregorytours\gregorytours8.txt,13
gregorytours\gregorytours9.txt,13
horace\arspoet.txt,6.5
horace\carm1.txt,6.5
horace\carm2.txt,6.5
horace\carm3.txt,6.5
horace\carm4.txt,6.5
horace\carmsaec.txt,6.5
horace\ep.txt,6.5
horace\epist1.txt,6.5
horace\epist2.txt,6.5
horace\serm1.txt,6.5
horace\serm2.txt,6.5
hugo\hugo.solo.txt,18
hugo\hugo1.txt,18
hugo\hugo2.txt,18
hugo\hugo3.txt,18
hugo\hugo4.txt,18
hugo\hugo5.txt,18
hugo\hugo6.txt,18
hyginus\hyginus1.txt,7
hyginus\hyginus2.txt,7
hyginus\hyginus3.txt,7
hyginus\hyginus4.txt,7
hyginus\hyginus5.txt,7
hyginus\hyginus6.txt,7
isidore\1.txt,13
isidore\10.txt,13
isidore\11.txt,13
isidore\12.txt,13
isidore\13.txt,13
isidore\14.txt,13
isidore\15.txt,13
isidore\16.txt,13
isidore\17.txt,13
isidore\18.txt,13
isidore\19.txt,13
isidore\2.txt,13
isidore\20.txt,13
isidore\3.txt,13
isidore\4.txt,13
isidore\5.txt,13
isidore\6.txt,13
isidore\7.txt,13
isidore\8.txt,13
isidore\9.txt,13
isidore\historia.txt,13
isidore\sententiae1.txt,13
isidore\sententiae2.txt,13
isidore\sententiae3.txt,13
jerome\contraioannem.txt,11
jerome\epistulae.txt,11
jerome\vitamalchus.txt,11
jerome\vitapauli.txt,11
justinian\codex1.txt,12
justinian\codex10.txt,12
justinian\codex11.txt,12
justinian\codex12.txt,12
justinian\codex2.txt,12
justinian\codex3.txt,12
justinian\codex4.txt,12
justinian\codex5.txt,12
justinian\codex6.txt,12
justinian\codex7.txt,12
justinian\codex8.txt,12
justinian\codex9.txt,12
justinian\digest1.txt,12
justinian\digest10.txt,12
justinian\digest11.txt,12
justinian\digest12.txt,12
justinian\digest13.txt,12
justinian\digest14.txt,12
justinian\digest15.txt,12
justinian\digest16.txt,12
justinian\digest17.txt,12
justinian\digest18.txt,12
justinian\digest19.txt,12
justinian\digest2.txt,12
justinian\digest20.txt,12
justinian\digest21.txt,12
justinian\digest22.txt,12
justinian\digest23.txt,12
justinian\digest24.txt,12
justinian\digest25.txt,12
justinian\digest26.txt,12
justinian\digest27.txt,12
justinian\digest28.txt,12
justinian\digest29.txt,12
justinian\digest3.txt,12
justinian\digest30.txt,12
justinian\digest31.txt,12
justinian\digest32.txt,12
justinian\digest33.txt,12
justinian\digest34.txt,12
justinian\digest35.txt,12
justinian\digest36.txt,12
justinian\digest37.txt,12
justinian\digest38.txt,12
justinian\digest39.txt,12
justinian\digest4.txt,12
justinian\digest40.txt,12
justinian\digest41.txt,12
justinian\digest42.txt,12
justinian\digest43.txt,12
justinian\digest44.txt,12
justinian\digest45.txt,12
justinian\digest46.txt,12
justinian\digest47.txt,12
justinian\digest48.txt,12
justinian\digest49.txt,12
justinian\digest5.txt,12
justinian\digest50.txt,12
justinian\digest6.txt,12
justinian\digest7.txt,12
justinian\digest8.txt,12
justinian\digest9.txt,12
justinian\institutes.proem.txt,12
justinian\institutes1.txt,12
justinian\institutes2.txt,12
justinian\institutes3.txt,12
justinian\institutes4.txt,12
juvenal\1.txt,8
juvenal\10.txt,8
juvenal\11.txt,8
juvenal\12.txt,8
juvenal\13.txt,8
juvenal\14.txt,8
juvenal\15.txt,8
juvenal\16.txt,8
juvenal\2.txt,8
juvenal\3.txt,8
juvenal\4.txt,8
juvenal\5.txt,8
juvenal\6.txt,8
juvenal\7.txt,8
juvenal\8.txt,8
juvenal\9.txt,8
kempis\kempis1.txt,21
kempis\kempis2.txt,21
kempis\kempis3.txt,21
kempis\kempis4.txt,21
kepler\strena.txt,23
lactantius\demort.txt,10
lactantius\divinst1.txt,10
leothegreat\quadragesima1.txt,11.5
leothegreat\quadragesima2.txt,11.5
livy\liv.1.txt,7
livy\liv.10.txt,7
livy\liv.2.txt,7
livy\liv.21.txt,7
livy\liv.22.txt,7
livy\liv.23.txt,7
livy\liv.24.txt,7
livy\liv.25.txt,7
livy\liv.26.txt,7
livy\liv.27.txt,7
livy\liv.28.txt,7
livy\liv.29.txt,7
livy\liv.3.txt,7
livy\liv.30.txt,7
livy\liv.31.txt,7
livy\liv.32.txt,7
livy\liv.33.txt,7
livy\liv.34.txt,7
livy\liv.35.txt,7
livy\liv.36.txt,7
livy\liv.37.txt,7
livy\liv.38.txt,7
livy\liv.39.txt,7
livy\liv.4.txt,7
livy\liv.40.txt,7
livy\liv.41.txt,7
livy\liv.42.txt,7
livy\liv.43.txt,7
livy\liv.44.txt,7
livy\liv.45.txt,7
livy\liv.5.txt,7
livy\liv.6.txt,7
livy\liv.7.txt,7
livy\liv.8.txt,7
livy\liv.9.txt,7
livy\liv.per.txt,7
livy\liv.per1.txt,7
livy\liv.per10.txt,7
livy\liv.per100.txt,7
livy\liv.per101.txt,7
livy\liv.per102.txt,7
livy\liv.per103.txt,7
livy\liv.per104.txt,7
livy\liv.per105.txt,7
livy\liv.per106.txt,7
livy\liv.per107.txt,7
livy\liv.per108.txt,7
livy\liv.per109.txt,7
livy\liv.per11.txt,7
livy\liv.per110.txt,7
livy\liv.per111.txt,7
livy\liv.per112.txt,7
livy\liv.per113.txt,7
livy\liv.per114.txt,7
livy\liv.per115.txt,7
livy\liv.per116.txt,7
livy\liv.per117.txt,7
livy\liv.per118.txt,7
livy\liv.per119.txt,7
livy\liv.per12.txt,7
livy\liv.per120.txt,7
livy\liv.per121.txt,7
livy\liv.per122.txt,7
livy\liv.per123.txt,7
livy\liv.per124.txt,7
livy\liv.per125.txt,7
livy\liv.per126.txt,7
livy\liv.per127.txt,7
livy\liv.per128.txt,7
livy\liv.per129.txt,7
livy\liv.per13.txt,7
livy\liv.per130.txt,7
livy\liv.per131.txt,7
livy\liv.per132.txt,7
livy\liv.per133.txt,7
livy\liv.per134.txt,7
livy\liv.per135.txt,7
livy\liv.per136-7.txt,7
livy\liv.per138.txt,7
livy\liv.per139.txt,7
livy\liv.per14.txt,7
livy\liv.per140.txt,7
livy\liv.per141.txt,7
livy\liv.per142.txt,7
livy\liv.per15.txt,7
livy\liv.per16.txt,7
livy\liv.per17.txt,7
livy\liv.per18.txt,7
livy\liv.per19.txt,7
livy\liv.per2.txt,7
livy\liv.per20.txt,7
livy\liv.per21.txt,7
livy\liv.per22.txt,7
livy\liv.per23.txt,7
livy\liv.per24.txt,7
livy\liv.per25.txt,7
livy\liv.per26.txt,7
livy\liv.per27.txt,7
livy\liv.per28.txt,7
livy\liv.per29.txt,7
livy\liv.per3.txt,7
livy\liv.per30.txt,7
livy\liv.per31.txt,7
livy\liv.per32.txt,7
livy\liv.per33.txt,7
livy\liv.per34.txt,7
livy\liv.per35.txt,7
livy\liv.per36.txt,7
livy\liv.per37.txt,7
livy\liv.per38.txt,7
livy\liv.per39.txt,7
livy\liv.per4.txt,7
livy\liv.per40.txt,7
livy\liv.per41.txt,7
livy\liv.per42.txt,7
livy\liv.per43.txt,7
livy\liv.per44.txt,7
livy\liv.per45.txt,7
livy\liv.per46.txt,7
livy\liv.per47.txt,7
livy\liv.per48.txt,7
livy\liv.per49.txt,7
livy\liv.per5.txt,7
livy\liv.per50.txt,7
livy\liv.per51.txt,7
livy\liv.per52.txt,7
livy\liv.per53.txt,7
livy\liv.per54.txt,7
livy\liv.per55.txt,7
livy\liv.per56.txt,7
livy\liv.per57.txt,7
livy\liv.per58.txt,7
livy\liv.per59.txt,7
livy\liv.per6.txt,7
livy\liv.per60.txt,7
livy\liv.per61.txt,7
livy\liv.per62.txt,7
livy\liv.per63.txt,7
livy\liv.per64.txt,7
livy\liv.per65.txt,7
livy\liv.per66.txt,7
livy\liv.per67.txt,7
livy\liv.per68.txt,7
livy\liv.per69.txt,7
livy\liv.per7.txt,7
livy\liv.per70.txt,7
livy\liv.per71.txt,7
livy\liv.per72.txt,7
livy\liv.per73.txt,7
livy\liv.per74.txt,7
livy\liv.per75.txt,7
livy\liv.per76.txt,7
livy\liv.per77.txt,7
livy\liv.per78.txt,7
livy\liv.per79.txt,7
livy\liv.per8.txt,7
livy\liv.per80.txt,7
livy\liv.per81.txt,7
livy\liv.per82.txt,7
livy\liv.per83.txt,7
livy\liv.per84.txt,7
livy\liv.per85.txt,7
livy\liv.per86.txt,7
livy\liv.per87.txt,7
livy\liv.per88.txt,7
livy\liv.per89.txt,7
livy\liv.per9.txt,7
livy\liv.per90.txt,7
livy\liv.per91.txt,7
livy\liv.per92.txt,7
livy\liv.per93.txt,7
livy\liv.per94.txt,7
livy\liv.per95.txt,7
livy\liv.per96.txt,7
livy\liv.per97.txt,7
livy\liv.per98.txt,7
livy\liv.per99.txt,7
livy\liv.pr.txt,7
lucan\lucan1.txt,7.5
lucan\lucan10.txt,7.5
lucan\lucan2.txt,7.5
lucan\lucan3.txt,7.5
lucan\lucan4.txt,7.5
lucan\lucan5.txt,7.5
lucan\lucan6.txt,7.5
lucan\lucan7.txt,7.5
lucan\lucan8.txt,7.5
lucan\lucan9.txt,7.5
lucretius\lucretius1.txt,6
lucretius\lucretius2.txt,6
lucretius\lucretius3.txt,6
lucretius\lucretius4.txt,6
lucretius\lucretius5.txt,6
lucretius\lucretius6.txt,6
martial\mart.spec.txt,8
martial\mart1.txt,8
martial\mart10.txt,8
martial\mart11.txt,8
martial\mart12.txt,8
martial\mart13.txt,8
martial\mart14.txt,8
martial\mart2.txt,8
martial\mart3.txt,8
martial\mart4.txt,8
martial\mart5.txt,8
martial\mart6.txt,8
martial\mart7.txt,8
martial\mart8.txt,8
martial\mart9.txt,8
martinbraga\capitula.txt,12.5
martinbraga\concilium1.txt,12.5
martinbraga\concilium2.txt,12.5
martinbraga\exhortatio.txt,12.5
martinbraga\formula.txt,12.5
martinbraga\ira.txt,12.5
martinbraga\pascha.txt,12.5
martinbraga\poems.txt,12.5
martinbraga\repellenda.txt,12.5
martinbraga\rusticus.txt,12.5
martinbraga\sententiae.txt,12.5
martinbraga\superbia.txt,12.5
martinbraga\trina.txt,12.5
may\may1.txt,23
may\may2.txt,23
may\may3.txt,23
may\may4.txt,23
may\may5.txt,23
may\may6.txt,23
may\may7.txt,23
may\maytitle.txt,23
melanchthon\conf.txt,22.5
melanchthon\hist.txt,22.5
melanchthon\laude.txt,22.5
melanchthon\obitu.txt,22.5
mirandola\mir1.txt,21.75
mirandola\mir2.txt,21.75
mirandola\mir3.txt,21.75
mirandola\mir4.txt,21.75
mirandola\mir5.txt,21.75
mirandola\mir6.txt,21.75
mirandola\mir7.txt,21.75
mirandola\mir8.txt,21.75
mirandola\mir9.txt,21.75
mirandola\oratio.txt,21.75
nepos\nepos.age.txt,11.5
nepos\nepos.alc.txt,11.5
nepos\nepos.aris.txt,11.5
nepos\nepos.att.txt,11.5
nepos\nepos.cat.txt,11.5
nepos\nepos.cha.txt,11.5
nepos\nepos.cim.txt,11.5
nepos\nepos.con.txt,11.5
nepos\nepos.dat.txt,11.5
nepos\nepos.dion.txt,11.5
nepos\nepos.epam.txt,11.5
nepos\nepos.eum.txt,11.5
nepos\nepos.fragmenta.txt,11.5
nepos\nepos.ham.txt,11.5
nepos\nepos.han.txt,11.5
nepos\nepos.iph.txt,11.5
nepos\nepos.kings.txt,11.5
nepos\nepos.lys.txt,11.5
nepos\nepos.mil.txt,11.5
nepos\nepos.paus.txt,11.5
nepos\nepos.pel.txt,11.5
nepos\nepos.phoc.txt,11.5
nepos\nepos.pr.txt,11.5
nepos\nepos.them.txt,11.5
nepos\nepos.thras.txt,11.5
nepos\nepos.tim.txt,11.5
nepos\nepos.timo.txt,11.5
orosius\orosius1.txt,11
orosius\orosius2.txt,11
orosius\orosius3.txt,11
orosius\orosius4.txt,11
orosius\orosius5.txt,11
orosius\orosius6.txt,11
orosius\orosius7.txt,11
ottofreising\1.txt,18.5
ottofreising\2.txt,18.5
ottofreising\3.txt,18.5
ottofreising\4.txt,18.5
ottofreising\epistola.txt,18.5
ovid\ovid.amor1.txt,7
ovid\ovid.amor2.txt,7
ovid\ovid.amor3.txt,7
ovid\ovid.artis1.txt,7
ovid\ovid.artis2.txt,7
ovid\ovid.artis3.txt,7
ovid\ovid.fasti1.txt,7
ovid\ovid.fasti2.txt,7
ovid\ovid.fasti3.txt,7
ovid\ovid.fasti4.txt,7
ovid\ovid.fasti5.txt,7
ovid\ovid.fasti6.txt,7
ovid\ovid.her1.txt,7
ovid\ovid.her10.txt,7
ovid\ovid.her11.txt,7
ovid\ovid.her12.txt,7
ovid\ovid.her13.txt,7
ovid\ovid.her14.txt,7
ovid\ovid.her15.txt,7
ovid\ovid.her16.txt,7
ovid\ovid.her17.txt,7
ovid\ovid.her18.txt,7
ovid\ovid.her19.txt,7
ovid\ovid.her2.txt,7
ovid\ovid.her20.txt,7
ovid\ovid.her21.txt,7
ovid\ovid.her3.txt,7
ovid\ovid.her4.txt,7
ovid\ovid.her5.txt,7
ovid\ovid.her6.txt,7
ovid\ovid.her7.txt,7
ovid\ovid.her8.txt,7
ovid\ovid.her9.txt,7
ovid\ovid.ibis.txt,7
ovid\ovid.met1.txt,7
ovid\ovid.met10.txt,7
ovid\ovid.met11.txt,7
ovid\ovid.met12.txt,7
ovid\ovid.met13.txt,7
ovid\ovid.met14.txt,7
ovid\ovid.met15.txt,7
ovid\ovid.met2.txt,7
ovid\ovid.met3.txt,7
ovid\ovid.met4.txt,7
ovid\ovid.met5.txt,7
ovid\ovid.met6.txt,7
ovid\ovid.met7.txt,7
ovid\ovid.met8.txt,7
ovid\ovid.met9.txt,7
ovid\ovid.ponto1.txt,7
ovid\ovid.ponto2.txt,7
ovid\ovid.ponto3.txt,7
ovid\ovid.ponto4.txt,7
ovid\ovid.rem.txt,7
ovid\ovid.tristia1.txt,7
ovid\ovid.tristia2.txt,7
ovid\ovid.tristia3.txt,7
ovid\ovid.tristia4.txt,7
ovid\ovid.tristia5.txt,7
pauldeacon\carmina.txt,14.5
pauldeacon\fabulae.txt,14.5
pauldeacon\hist1.txt,14.5
pauldeacon\hist2.txt,14.5
pauldeacon\hist3.txt,14.5
pauldeacon\hist4.txt,14.5
pauldeacon\hist5.txt,14.5
pauldeacon\hist6.txt,14.5
pauldeacon\histrom1.txt,14.5
pauldeacon\histrom10.txt,14.5
pauldeacon\histrom11.txt,14.5
pauldeacon\histrom12.txt,14.5
pauldeacon\histrom13.txt,14.5
pauldeacon\histrom14.txt,14.5
pauldeacon\histrom15.txt,14.5
pauldeacon\histrom16.txt,14.5
pauldeacon\histrom2.txt,14.5
pauldeacon\histrom3.txt,14.5
pauldeacon\histrom4.txt,14.5
pauldeacon\histrom5.txt,14.5
pauldeacon\histrom6.txt,14.5
pauldeacon\histrom7.txt,14.5
pauldeacon\histrom8.txt,14.5
pauldeacon\histrom9.txt,14.5
plautus\amphitruo.txt,5
plautus\asinaria.txt,5
plautus\aulularia.txt,5
plautus\bacchides.txt,5
plautus\captivi.txt,5
plautus\cas.txt,5
plautus\cistellaria.txt,5
plautus\curculio.txt,5
plautus\epidicus.txt,5
plautus\menaechmi.txt,5
plautus\mercator.txt,5
plautus\miles.txt,5
plautus\mostellaria.txt,5
plautus\persa.txt,5
plautus\poenulus.txt,5
plautus\pseudolus.txt,5
plautus\rudens.txt,5
plautus\stichus.txt,5
plautus\trinummus.txt,5
plautus\truculentus.txt,5
plautus\vidularia.txt,5
prudentius\prud.psycho.txt,11
prudentius\prud1.txt,11
prudentius\prud10.txt,11
prudentius\prud11.txt,11
prudentius\prud12.txt,11
prudentius\prud13.txt,11
prudentius\prud14.txt,11
prudentius\prud2.txt,11
prudentius\prud3.txt,11
prudentius\prud4.txt,11
prudentius\prud5.txt,11
prudentius\prud6.txt,11
prudentius\prud7.txt,11
prudentius\prud8.txt,11
prudentius\prud9.txt,11
quintilian\quintilian.decl.mai1.txt,7.5
quintilian\quintilian.decl.mai10.txt,7.5
quintilian\quintilian.decl.mai11.txt,7.5
quintilian\quintilian.decl.mai12.txt,7.5
quintilian\quintilian.decl.mai13.txt,7.5
quintilian\quintilian.decl.mai14.txt,7.5
quintilian\quintilian.decl.mai15.txt,7.5
quintilian\quintilian.decl.mai16.txt,7.5
quintilian\quintilian.decl.mai17.txt,7.5
quintilian\quintilian.decl.mai18.txt,7.5
quintilian\quintilian.decl.mai19.txt,7.5
quintilian\quintilian.decl.mai2.txt,7.5
quintilian\quintilian.decl.mai4.txt,7.5
quintilian\quintilian.decl.mai5.txt,7.5
quintilian\quintilian.decl.mai6.txt,7.5
quintilian\quintilian.decl.mai7.txt,7.5
quintilian\quintilian.decl.mai8.txt,7.5
quintilian\quintilian.decl.mai9.txt,7.5
quintilian\quintilian.institutio1.txt,7.5
quintilian\quintilian.institutio10.txt,7.5
quintilian\quintilian.institutio11.txt,7.5
quintilian\quintilian.institutio12.txt,7.5
quintilian\quintilian.institutio2.txt,7.5
quintilian\quintilian.institutio3.txt,7.5
quintilian\quintilian.institutio4.txt,7.5
quintilian\quintilian.institutio5.txt,7.5
quintilian\quintilian.institutio6.txt,7.5
quintilian\quintilian.institutio7.txt,7.5
quintilian\quintilian.institutio8.txt,7.5
quintilian\quintilian.institutio9.txt,7.5
sen\ben1.txt,7
sen\ben2.txt,7
sen\ben3.txt,7
sen\octavia.txt,7
sen\sen.agamemnon.txt,7
sen\sen.apoc.txt,7
sen\sen.brevita.txt,7
sen\sen.clem.txt,7
sen\sen.consolatione1.txt,7
sen\sen.consolatione2.txt,7
sen\sen.consolatione3.txt,7
sen\sen.constantia.txt,7
sen\sen.hercules.txt,7
sen\sen.ira1.txt,7
sen\sen.ira2.txt,7
sen\sen.ira3.txt,7
sen\sen.medea.txt,7
sen\sen.oedipus.txt,7
sen\sen.otio.txt,7
sen\sen.phaedra.txt,7
sen\sen.phoen.txt,7
sen\sen.prov.txt,7
sen\sen.proverbs.txt,7
sen\sen.qn1.txt,7
sen\sen.qn2.txt,7
sen\sen.qn3.txt,7
sen\sen.qn4.txt,7
sen\sen.qn5.txt,7
sen\sen.qn6.txt,7
sen\sen.qn7.txt,7
sen\sen.thyestes.txt,7
sen\sen.tranq.txt,7
sen\sen.vita.txt,7
sen\seneca.ep1.txt,7
sen\seneca.ep10.txt,7
sen\seneca.ep11-13.txt,7
sen\seneca.ep14-15.txt,7
sen\seneca.ep16.txt,7
sen\seneca.ep17-18.txt,7
sen\seneca.ep19.txt,7
sen\seneca.ep2.txt,7
sen\seneca.ep20.txt,7
sen\seneca.ep22.txt,7
sen\seneca.ep3.txt,7
sen\seneca.ep4.txt,7
sen\seneca.ep5.txt,7
sen\seneca.ep6.txt,7
sen\seneca.ep7.txt,7
sen\seneca.ep8.txt,7
sen\seneca.ep9.txt,7
silius\silius1.txt,7.5
silius\silius10.txt,7.5
silius\silius11.txt,7.5
silius\silius12.txt,7.5
silius\silius13.txt,7.5
silius\silius14.txt,7.5
silius\silius15.txt,7.5
silius\silius16.txt,7.5
silius\silius17.txt,7.5
silius\silius2.txt,7.5
silius\silius3.txt,7.5
silius\silius4.txt,7.5
silius\silius5.txt,7.5
silius\silius6.txt,7.5
silius\silius7.txt,7.5
silius\silius8.txt,7.5
silius\silius9.txt,7.5
statius\achilleid1.txt,8
statius\achilleid2.txt,8
statius\silvae1.txt,8
statius\silvae2.txt,8
statius\silvae3.txt,8
statius\silvae4.txt,8
statius\silvae5.txt,8
statius\theb1.txt,8
statius\theb10.txt,8
statius\theb11.txt,8
statius\theb12.txt,8
statius\theb2.txt,8
statius\theb3.txt,8
statius\theb4.txt,8
statius\theb5.txt,8
statius\theb6.txt,8
statius\theb7.txt,8
statius\theb8.txt,8
statius\theb9.txt,8
suetonius\suet.aug.txt,8
suetonius\suet.caesar.txt,8
suetonius\suet.cal.txt,8
suetonius\suet.claudius.txt,8
suetonius\suet.crispus.txt,8
suetonius\suet.dom.txt,8
suetonius\suet.galba.txt,8
suetonius\suet.gram.txt,8
suetonius\suet.horace.txt,8
suetonius\suet.lucan.txt,8
suetonius\suet.nero.txt,8
suetonius\suet.otho.txt,8
suetonius\suet.persius.txt,8
suetonius\suet.pliny.txt,8
suetonius\suet.rhet.txt,8
suetonius\suet.terence.txt,8
suetonius\suet.tib.txt,8
suetonius\suet.tibullus.txt,8
suetonius\suet.titus.txt,8
suetonius\suet.vesp.txt,8
suetonius\suet.virgil.txt,8
suetonius\suet.vit.txt,8
tacitus\tac.agri.txt,8
tacitus\tac.ann1.txt,8
tacitus\tac.ann11.txt,8
tacitus\tac.ann12.txt,8
tacitus\tac.ann13.txt,8
tacitus\tac.ann14.txt,8
tacitus\tac.ann15.txt,8
tacitus\tac.ann16.txt,8
tacitus\tac.ann2.txt,8
tacitus\tac.ann3.txt,8
tacitus\tac.ann4.txt,8
tacitus\tac.ann5.txt,8
tacitus\tac.ann6.txt,8
tacitus\tac.dialogus.txt,8
tacitus\tac.ger.txt,8
tacitus\tac.hist1.txt,8
tacitus\tac.hist2.txt,8
tacitus\tac.hist3.txt,8
tacitus\tac.hist4.txt,8
tacitus\tac.hist5.txt,8
tertullian\tertullian.adsenatorem.txt,9
tertullian\tertullian.anima.txt,9
tertullian\tertullian.apol.txt,9
tertullian\tertullian.baptismo.txt,9
tertullian\tertullian.carne.txt,9
tertullian\tertullian.castitatis.txt,9
tertullian\tertullian.corona.txt,9
tertullian\tertullian.cultu1.txt,9
tertullian\tertullian.cultu2.txt,9
tertullian\tertullian.deiudicio.txt,9
tertullian\tertullian.fuga.txt,9
tertullian\tertullian.genesis.txt,9
tertullian\tertullian.gentium.txt,9
tertullian\tertullian.haereses.txt,9
tertullian\tertullian.herm.txt,9
tertullian\tertullian.idololatria.txt,9
tertullian\tertullian.ieiunio.txt,9
tertullian\tertullian.iudaeos.txt,9
tertullian\tertullian.marcionem1.txt,9
tertullian\tertullian.marcionem2.txt,9
tertullian\tertullian.marcionem3.txt,9
tertullian\tertullian.marcionem4.txt,9
tertullian\tertullian.marcionem5.txt,9
tertullian\tertullian.martyres.txt,9
tertullian\tertullian.monog.txt,9
tertullian\tertullian.nationes1.txt,9
tertullian\tertullian.nationes2.txt,9
tertullian\tertullian.oratione.txt,9
tertullian\tertullian.paen.txt,9
tertullian\tertullian.pallio.txt,9
tertullian\tertullian.patientia.txt,9
tertullian\tertullian.praescrip.txt,9
tertullian\tertullian.praxean.txt,9
tertullian\tertullian.propheta.txt,9
tertullian\tertullian.pudicitia.txt,9
tertullian\tertullian.resurrectione.txt,9
tertullian\tertullian.scapulam.txt,9
tertullian\tertullian.scorpiace.txt,9
tertullian\tertullian.spect.txt,9
tertullian\tertullian.testimonia.txt,9
tertullian\tertullian.uxor1.txt,9
tertullian\tertullian.uxor2.txt,9
tertullian\tertullian.valentinianos.txt,9
tertullian\tertullian.virginibus.txt,9
theodosius\theod01.txt,10.5
theodosius\theod02.txt,10.5
theodosius\theod03.txt,10.5
theodosius\theod04.txt,10.5
theodosius\theod05.txt,10.5
theodosius\theod06.txt,10.5
theodosius\theod07.txt,10.5
theodosius\theod08.txt,10.5
theodosius\theod09.txt,10.5
theodosius\theod10.txt,10.5
theodosius\theod11.txt,10.5
theodosius\theod12.txt,10.5
theodosius\theod13.txt,10.5
theodosius\theod14.txt,10.5
theodosius\theod15.txt,10.5
theodosius\theod16.txt,10.5
vergil\aen1.txt,6.5
vergil\aen10.txt,6.5
vergil\aen11.txt,6.5
vergil\aen12.txt,6.5
vergil\aen2.txt,6.5
vergil\aen3.txt,6.5
vergil\aen4.txt,6.5
vergil\aen5.txt,6.5
vergil\aen6.txt,6.5
vergil\aen7.txt,6.5
vergil\aen8.txt,6.5
vergil\aen9.txt,6.5
vergil\ec1.txt,6.5
vergil\ec10.txt,6.5
vergil\ec2.txt,6.5
vergil\ec3.txt,6.5
vergil\ec4.txt,6.5
vergil\ec5.txt,6.5
vergil\ec6.txt,6.5
vergil\ec7.txt,6.5
vergil\ec8.txt,6.5
vergil\ec9.txt,6.5
vergil\geo1.txt,6.5
vergil\geo2.txt,6.5
vergil\geo3.txt,6.5
vergil\geo4.txt,6.5
voragine\alexio.txt,19.5
voragine\ambro.txt,19.5
voragine\anast.txt,19.5
voragine\andrea.txt,19.5
voragine\ant.txt,19.5
voragine\blas.txt,19.5
voragine\chris.txt,19.5
voragine\fran.txt,19.5
voragine\georgio.txt,19.5
voragine\iacob.txt,19.5
voragine\iul.txt,19.5
voragine\jud.txt,19.5
voragine\luc.txt,19.5
voragine\marc.txt,19.5
voragine\mariamag.txt,19.5
voragine\marina.txt,19.5
voragine\nic.txt,19.5
voragine\paulo.txt,19.5
voragine\seb.txt,19.5
voragine\septem.txt,19.5
voragine\silv.txt,19.5
voragine\thom.txt,19.5
voragine\vin.txt,19.5
voragine\vir.txt,19.5
walter\pastourelles.txt,18.5
walter\walter1.txt,18.5
walter\walter2.txt,18.5
walter\walter3.txt,18.5
williamtyre\1.txt,18.5
williamtyre\10.txt,18.5
williamtyre\11.txt,18.5
williamtyre\12.txt,18.5
williamtyre\13.txt,18.5
williamtyre\14.txt,18.5
williamtyre\15.txt,18.5
williamtyre\16.txt,18.5
williamtyre\17.txt,18.5
williamtyre\18.txt,18.5
williamtyre\19.txt,18.5
williamtyre\2.txt,18.5
williamtyre\20.txt,18.5
williamtyre\21.txt,18.5
williamtyre\22.txt,18.5
williamtyre\23.txt,18.5
williamtyre\3.txt,18.5
williamtyre\4.txt,18.5
williamtyre\5.txt,18.5
williamtyre\6.txt,18.5
williamtyre\7.txt,18.5
williamtyre\8.txt,18.5
williamtyre\9.txt,18.5
williamtyre\prologus.txt,18.5
xylander\caesar.txt,22.5
