V1,V2
sall.lep.txt,11
varro.ll5.txt,6
may5.txt,8
seb.txt,1
hist.txt,16
iacob.txt,14
quinc.txt,7
liv.per33.txt,7
diad.txt,15
ovid.ponto2.txt,2
seneca.ep9.txt,0
vulgar.txt,8
murena.txt,11
solinus5.txt,5
conf2.txt,2
sall.frag.txt,8
epistola.txt,16
vitapauli.txt,4
hyginus2.txt,5
civ3.txt,2
seneca.ep3.txt,4
john3.txt,5
liv.per35.txt,3
annalesregnifrancorum.txt,2
ovid.artis1.txt,1
vell2.txt,14
ruaeus.txt,15
liv.per97.txt,5
musica.txt,2
liv.per90.txt,15
hyginus5.txt,16
seneca.ep14-15.txt,7
31 (1).txt,2
theod11.txt,13
suet.rhet.txt,13
4.txt,13
sulla.txt,11
7.txt,13
repub6.txt,15
timothy2.txt,5
fam2.txt,16
orosius6.txt,13
malaterra4.txt,5
sicmeafata.txt,9
suet.titus.txt,9
carmeninvictoriam.txt,11
bonaventura.itinerarium.txt,10
contro.txt,2
indices.txt,10
liv.30.txt,10
digest27.txt,14
cotta.txt,4
att7.txt,10
moriae.txt,13
gregory7.txt,7
1 (1).txt,13
digest41.txt,6
milo.txt,8
digest40.txt,10
liv.per125.txt,5
liv.per47.txt,10
mapps2.txt,6
ency.fides.txt,14
pliny.ep6.txt,14
serm1 (1).txt,5
gregorytours7.txt,15
orosius4.txt,15
solinus3a.txt,4
hymni.txt,6
vulgar2.txt,10
serm76.txt,6
17 (2).txt,7
quintilian.institutio5.txt,14
geo3.txt,12
vico.orat6.txt,7
q1.52.txt,10
4 (3).txt,4
prologus (1).txt,8
don.txt,6
lucretius4.txt,7
walter2.txt,7
fulgentius4.txt,4
psplato.demodocus.txt,1
civ9.txt,4
chris.txt,4
hist1.txt,1
victor.ill.txt,9
ovid.tristia1.txt,12
q1.14.txt,11
lucan1.txt,0
fam14.txt,1
acts.txt,10
trin10.txt,10
q1.42.txt,14
tusc1.txt,10
mariamag.txt,14
laude.txt,6
trin6.txt,4
trin8.txt,1
q1.32.txt,6
sententiae.txt,12
digest43.txt,16
clod.txt,9
hipp.txt,10
ovid.ponto4.txt,12
sen.agamemnon.txt,2
varia6.txt,12
vitruvius6.txt,7
persa.txt,3
wmconchesphil.txt,10
prud6.txt,14
liv.per50.txt,5
q1.40.txt,0
9.txt,4
mart2.txt,14
civ1.txt,6
nepos.fragmenta.txt,9
liv.per76.txt,2
gall2.txt,8
5 (3).txt,16
sedulius.solis.txt,4
silvae4.txt,2
lucretius5.txt,3
balbo.txt,12
gelliuscapitula.txt,6
capellanus2.txt,2
theganus.txt,10
strat1.txt,16
vatin.txt,10
att15.txt,16
histapoll.txt,10
eugenius.txt,2
miles.txt,11
alanus1.txt,3
withof5.txt,7
index.txt,1
albertanus.sermo2.txt,15
vell1.txt,14
24 (1).txt,1
deaeternitate.txt,6
digest9.txt,13
digest8.txt,2
liv.per81.txt,6
enn.txt,1
may3.txt,4
conf1.txt,11
varia9.txt,2
dicchristi.txt,15
nepos.kings.txt,14
quintilian.decl.mai8.txt,14
liv.23.txt,15
q1.2.txt,3
q1.50.txt,11
q1.16.txt,5
blas.txt,9
maidstone.txt,5
off2.txt,3
strena.txt,5
nemesianus1.txt,9
liv.per131.txt,12
concilium1.txt,3
avid.txt,3
lucan5.txt,11
silius16.txt,1
lucan6.txt,2
iulianus1.txt,0
20 (3).txt,6
lhomond.viris.txt,10
quintilian.institutio9.txt,1
ovid.met9.txt,9
columella.rr1.txt,14
conf3.txt,8
quadragesima2.txt,7
tertullian.praescrip.txt,8
seneca.ep6.txt,9
quintilian.decl.mai13.txt,11
trin1.txt,3
solinus2a.txt,14
tertullian.oratione.txt,13
serm81.txt,12
liv.per19.txt,6
achilleid1.txt,14
compet.txt,14
inscriptions.txt,14
abbofloracensis.txt,5
williamapulia.txt,7
sen.consolatione2.txt,1
seneca.ep11-13.txt,13
sidonius9.txt,7
gall3.txt,13
pert.txt,4
fabe.txt,14
q1.30.txt,1
q1.41.txt,2
9 (2).txt,10
apuleius.deosocratis.txt,12
q1.29.txt,11
cat2.txt,15
petrarchmedicus.txt,6
estas.txt,7
liv.per100.txt,9
tertullian.genesis.txt,6
digest28.txt,2
att9.txt,14
amic.txt,10
eucherius.txt,6
obitu.txt,0
sen.ira3.txt,12
seneca.contr10.txt,11
digest15.txt,6
mapps1.txt,8
liv.per115.txt,11
plancio.txt,5
phil11.txt,10
tertullian.fuga.txt,11
digest31.txt,9
liv.per52.txt,13
ovid.her6.txt,8
conf11.txt,13
ilias.txt,8
vitruvius9.txt,1
liv.per45.txt,2
luther.lteramus.txt,6
digest19.txt,8
15 (4).txt,15
albertanus4.txt,2
q1.69.txt,7
sen.qn6.txt,5
nepos.han.txt,6
obsequens.txt,11
p1.txt,5
sen.qn7.txt,2
tac.agri.txt,14
janus2.txt,1
pliny.ep3.txt,1
silius12.txt,9
nepos.pel.txt,4
orosius3.txt,1
off3.txt,6
nithardus1.txt,15
tertullian.anima.txt,3
tertullian.apol.txt,15
avienus.ora.txt,2
inventione1.txt,12
ovid.amor2.txt,5
apuleius.mundo.txt,15
21 (2).txt,2
prologus.txt,9
gregdecretals5.txt,9
q1.8.txt,16
vitruvius2.txt,3
gregorytours2.txt,6
serm6.txt,12
liv.32.txt,6
civ18.txt,11
q1.60.txt,11
aen3.txt,0
lotichius.txt,7
sedulius2.txt,15
11 (3).txt,16
pliny.nh3.txt,14
sidonius6.txt,14
digest30.txt,14
att2.txt,12
liv.per36.txt,14
propertius1.txt,12
egeria2.txt,2
att12.txt,4
mensoria.txt,4
tibullus3.txt,1
fin2.txt,8
prud11.txt,3
trina.txt,10
tac.ger.txt,7
consulatu.txt,7
prud3.txt,9
galileo.sid.txt,2
gregorytours3.txt,1
ovid.her10.txt,7
phil5.txt,7
carm2.txt,10
des.syn.txt,7
gwinne5.3.txt,6
q1.34.txt,12
serm17.txt,7
liv.per88.txt,6
liv.per60.txt,4
simedignetur.txt,1
carus.txt,14
epist (1).txt,13
corinthians1.txt,11
theb1.txt,8
seneca.contr2.txt,14
1 (3).txt,5
jud.txt,1
liv.per136-7.txt,3
nivis.txt,12
bede3.txt,1
appverg.catalepton.txt,11
7 (2).txt,10
q1.72.txt,5
milton.quintnov.txt,4
liv.per61.txt,13
gord.txt,6
10 (3).txt,13
balde2.txt,10
mir9.txt,5
6 (3).txt,9
prop4.txt,7
29 (1).txt,3
13.txt,9
piccolomini.ep4.txt,9
septsap.txt,9
decretum.txt,1
phil3.txt,7
digest45.txt,7
liv.per107.txt,2
liv.per83.txt,7
nithardus4.txt,14
suet.gram.txt,1
mart6.txt,10
john.txt,10
henrysettimello.txt,8
sigebert.virgin.txt,2
celtis.oratio.txt,12
fam1.txt,4
ben3.txt,3
bacon.praefatio.txt,6
civ17.txt,4
ezra.txt,14
phil8.txt,15
valeriusflaccus4.txt,2
aulularia.txt,12
orosius5.txt,3
q1.6.txt,11
varro.rr2.txt,9
persius.txt,14
liv.per49.txt,14
obadiah.txt,7
liv.39.txt,13
serm19.txt,5
epistulae.txt,12
laude (1).txt,13
spinoza.ethica2.txt,1
peter2.txt,4
columella.rr10.txt,12
fam10.txt,6
maximianus.txt,4
ovid.met15.txt,16
fam7.txt,7
richerus1.txt,12
mart9.txt,7
23 (2).txt,7
att16.txt,16
1 (4).txt,9
tertullian.paen.txt,0
liv.per82.txt,11
phaedr1.txt,16
rusticus.txt,15
valeriusflaccus6.txt,7
quum.txt,11
serm12.txt,5
ep.priapismo.txt,12
max.txt,1
aen2.txt,16
pliny.ep5.txt,7
maxbal.txt,6
des.med1.txt,5
mart14.txt,15
q1.24.txt,5
revelation.txt,9
erchempert.txt,6
prologi.txt,7
digest20.txt,4
waardenburg.txt,11
prud7.txt,3
tac.ann4.txt,0
tibullus1.txt,11
commodianus2.txt,8
sen.qn3.txt,1
phil2.txt,10
q1.13.txt,3
off1.txt,8
liv.43.txt,7
walter3.txt,16
legagr2.txt,3
quintilian.institutio12.txt,5
gall8.txt,1
liv.37.txt,7
leo3.txt,8
appverg.aetna.txt,1
ec7.txt,3
35.txt,13
apuleius4.txt,13
quintilian.institutio6.txt,14
gwinne5.4.txt,5
eutropius6.txt,14
vin.txt,1
gregorytours6.txt,5
gall.txt,2
ter.adel.txt,3
sulpiciusseverusmartin.txt,4
17 (1).txt,15
sen.apoc.txt,10
4 (4).txt,13
haruspicum.txt,12
seneca.ep8.txt,5
petrarch.ep1.txt,6
liv.per64.txt,13
digest22.txt,15
aen9.txt,5
19 (3).txt,12
vitruvius10.txt,2
ep (2).txt,8
digest5.txt,16
eutropius4.txt,5
cas.txt,5
withof4.txt,3
histrom15.txt,3
seneca.contr8.txt,2
civ12.txt,9
postreditum2.txt,8
liv.33.txt,12
ovid.her5.txt,3
navagero.txt,7
prosperus.sententiae.txt,3
seneca.ep19.txt,8
22 (1).txt,10
luther.95.txt,1
8.txt,6
gravissimas.txt,9
21 (1).txt,10
cinna.txt,6
16.txt,15
sen.hercules.txt,13
ovid.met10.txt,10
hist1 (1).txt,14
truculentus.txt,14
reg.txt,5
gall1.txt,11
sall.cotta.txt,12
sulpiciusseveruschron2.txt,1
att1.txt,8
suet.claudius.txt,8
antibarb.txt,9
civ21.txt,13
newton.regulae.txt,13
peter1.txt,8
dicquid.txt,10
sedulius4.txt,9
civ8.txt,7
petroniusfrag.txt,14
ec8.txt,9
gregorytours1.txt,14
orationes.txt,7
sen.qn4.txt,2
liv.per93.txt,1
rhetores.txt,13
pascoli.catull.txt,6
innocent2.txt,2
rudens.txt,4
theod08.txt,4
serm8.txt,11
aen4.txt,0
2 (4).txt,1
gioacchino.txt,10
epidicus.txt,12
theb10.txt,3
tac.ann13.txt,0
psalms.txt,6
fam16.txt,5
marina.txt,6
garcilaso.txt,0
hist12.txt,2
silius9.txt,2
serm92.txt,13
20 (2).txt,9
mir7.txt,6
claudian.olyb.txt,2
titum.txt,7
corvinus2.txt,15
pulchracomis.txt,14
liv.per71.txt,4
varro.ll10.txt,14
manilius3.txt,3
catechizandis.txt,9
codex2.txt,13
epistvaria.txt,15
lucretius1.txt,4
vegetius3.txt,10
bacon.praefatio2.txt,16
pliny.ep10.txt,6
liv.per142.txt,9
tusc2.txt,15
apuleius.cupid.txt,4
tertullian.resurrectione.txt,15
iulianus2.txt,6
biggs.txt,4
liv.per72.txt,7
apicius1.txt,12
prud9.txt,9
8 (2).txt,11
varia2.txt,3
superbia.txt,9
liv.31.txt,12
ovid.her14.txt,4
fronto.txt,1
apicius3.txt,2
aqua2.txt,14
petrarch.numa.txt,3
cat3.txt,1
q1.55.txt,15
14 (4).txt,10
columba1.txt,3
digest36.txt,2
tertullian.pallio.txt,0
nepos.tim.txt,4
digest29.txt,15
ovid.her15.txt,6
15.txt,5
halley.txt,9
2 (2).txt,8
9 (3).txt,1
trin13.txt,6
liv.per48.txt,15
curtius6.txt,5
thomasedessa.txt,3
sen.proverbs.txt,15
anon.martyrio.txt,10
liv.per86.txt,11
7 (3).txt,15
theod10.txt,10
sidonius7.txt,2
12tables.txt,4
18 (3).txt,8
5.txt,3
campion.epigr1.txt,16
scauro.txt,11
gwinne1.txt,5
q1.38.txt,6
bede5.txt,1
conf13.txt,5
q1.70.txt,15
timothy1.txt,8
nepos.dat.txt,15
arbroath.txt,7
fredegarius.txt,9
gestafrancorum3.txt,7
marcellinus2.txt,5
solinus2.txt,6
5 (1).txt,2
q1.54.txt,7
columella.rr5.txt,10
ovid.met6.txt,0
esdras2.txt,0
aen1.txt,7
institutes1.txt,5
prud10.txt,13
histrom7.txt,13
septem.txt,8
gregdecretals4.txt,9
6.txt,2
gaud.txt,10
23 (1).txt,15
19 (1).txt,15
liv.per54.txt,14
orator.txt,2
liv.per32.txt,3
seneca.contr1.txt,2
gaius3.txt,6
att5.txt,13
phil6.txt,3
prop3.txt,13
cato.agri.txt,5
oratore1.txt,5
mostellaria.txt,6
withof6.txt,14
q1.20.txt,15
bacon.hist6.txt,12
silius7.txt,10
des.pr.txt,10
18 (2).txt,5
prosperus.epistola.txt,12
gellius7.txt,6
aen10.txt,11
albertanus.sermo.txt,9
solinus4.txt,16
liv.per27.txt,12
pascoli.veianius.txt,8
epistola (1).txt,7
liv.per10.txt,10
q1.19.txt,2
liv.10.txt,14
bacon.liber2.txt,6
sen.qn1.txt,16
att13.txt,2
fam11.txt,1
gregdecretals1.txt,4
walton.txt,6
liv.per28.txt,6
ter.eunuchus.txt,12
curtius8.txt,3
iordanes2.txt,15
silvae2.txt,2
quintilian.institutio7.txt,11
caecina.txt,14
codex1.txt,1
may4.txt,9
liv.per109.txt,4
car.txt,7
digest7.txt,15
phil14.txt,10
arch.txt,10
paris.txt,6
repub1.txt,13
30.txt,3
commodianus1.txt,12
hyginus6.txt,8
11.txt,11
senectute.txt,8
solinus1a.txt,3
sepsev.txt,12
q1.87.txt,13
14 (3).txt,1
sabinus3.txt,6
24.txt,16
liv.per114.txt,15
ovid.fasti1.txt,4
histrom12.txt,4
serm10.txt,0
tertullian.praxean.txt,14
ira.txt,5
liv.per92.txt,4
corpuschristi.txt,10
pervig.txt,10
12 (2).txt,10
liv.per111.txt,7
gellius8.txt,12
liberpontificalis1.txt,0
10.txt,13
36.txt,11
conf8.txt,1
hyginus4.txt,13
manilius1.txt,4
liv.38.txt,1
spinoza.ethica1.txt,16
kempis3.txt,8
6 (1).txt,12
liv.per95.txt,2
solet.txt,6
rimbaud.txt,7
silius15.txt,14
tertullian.iudaeos.txt,14
liv.per25.txt,11
q1.12.txt,12
11 (1).txt,7
prov.txt,2
malaterra3.txt,14
quintilian.decl.mai2.txt,14
planctus.txt,2
q1.45.txt,6
marbodus.txt,2
codex11.txt,15
15 (3).txt,5
pomponius1.txt,13
versus.txt,10
exodus.txt,1
postreditum.txt,9
att11.txt,15
burnett.txt,5
verres.2.1.txt,10
silvae3.txt,2
seneca.ep1.txt,6
tertullian.corona.txt,2
vida.txt,16
theb3.txt,9
gellius2.txt,6
bacon.hist10.txt,3
poree.txt,8
codex3.txt,8
magnacarta.txt,14
q1.82.txt,11
james.txt,9
histbrit.txt,15
divinatione1.txt,8
prud14.txt,13
fin5.txt,7
fletcher.txt,14
lucan10.txt,11
gaius4.txt,1
valmax8.txt,7
liv.per3.txt,15
dares1.txt,2
q1.31.txt,6
phaedrapp.txt,2
ovid.ponto1.txt,4
lucretius6.txt,11
theod13.txt,12
fran.txt,7
didiul.txt,11
bultelius2.txt,3
digest1.txt,15
tusc5.txt,14
withof1.txt,6
leg2.txt,14
varro.ll9.txt,1
prataiam.txt,14
vidularia.txt,9
vitruvius8.txt,1
q1.17.txt,8
victor.caes.txt,14
ec3.txt,1
archpoet.txt,14
q1.25.txt,10
theb11.txt,8
hist6.txt,0
solinus1.txt,2
exivi.txt,6
joshua.txt,6
nemesianus2.txt,6
tac.ann15.txt,2
preface.txt,2
eutropius5.txt,2
angilbert.txt,7
contraioannem.txt,7
ovid.her1.txt,11
apuleius.apol.txt,3
benedict.txt,14
q1.35.txt,4
liv.per21.txt,2
quintilian.decl.mai10.txt,3
digest33.txt,10
conflictus.txt,6
sidonius1.txt,3
ovid.her20.txt,9
ovid.met8.txt,16
topica.txt,13
mart1.txt,12
q1.4.txt,12
columella.rr11.txt,11
campion.plot2.txt,16
suet.galba.txt,0
nepos.iph.txt,11
liv.per112.txt,5
volovirum.txt,5
civ13.txt,2
catullus.txt,13
liv.per96.txt,4
nepos.phoc.txt,15
ter.andria.txt,0
q1.65.txt,2
ovid.met7.txt,5
scbaccanalibus.txt,9
q1.67.txt,1
eutropius8.txt,6
carm1.txt,11
liv.per122.txt,2
liv.per120.txt,0
cael.txt,12
tac.ann3.txt,12
theod12.txt,9
tac.ann1.txt,4
victor.origio.txt,1
trin5.txt,3
ovid.her3.txt,13
phil13.txt,14
theod01.txt,0
capitula.txt,1
rhetorica.txt,14
verres.2.3.txt,13
ec1 (1).txt,0
ovid.her12.txt,15
suet.tibullus.txt,2
liv.per17.txt,7
civ5.txt,4
ezekiel.txt,2
trin3.txt,4
iul.txt,5
ovid.her9.txt,4
sedulius1.txt,1
phil4.txt,12
gellius11.txt,9
prud13.txt,7
aen7.txt,4
repub2.txt,10
jfkhonor.txt,14
liv.per34.txt,13
eutropius9.txt,9
gellius3.txt,2
kalila.txt,2
seneca.ep4.txt,15
valeriusflaccus3.txt,8
quintilian.decl.mai16.txt,7
22 (2).txt,3
haggai.txt,15
ovid.her8.txt,4
piccolomini.ep6.txt,6
gall4.txt,9
mart4.txt,1
civ2.txt,6
prop2.txt,1
probus.txt,4
sen.ira1.txt,6
ovid.met5.txt,6
ovid.rem.txt,3
tunger.txt,8
fato.txt,10
23.txt,15
pascoli.laur.txt,0
eutropius1.txt,2
liv.44.txt,4
institutes3.txt,9
adbrutum1.txt,12
arnulf.txt,0
sidonius2.txt,12
seneca.fragmenta.txt,2
paulinus.ausonium.txt,0
vitacaroli.txt,14
bacon.hist3.txt,6
lucan9.txt,5
poggio.txt,6
seneca.contr5.txt,1
hist7.txt,2
petronius1.txt,10
quintilian.decl.mai7.txt,7
pliny.nh5.txt,14
carmsaec.txt,5
ovid.met1.txt,12
bedecontinuatio.txt,0
q1.36.txt,6
liv.per91.txt,1
serm72.txt,2
q1.74.txt,2
liv.per132.txt,6
liv.per42.txt,5
13 (3).txt,8
q1.26.txt,6
psplato.halcyon.txt,3
strat3.txt,9
liv.per51.txt,10
partitione.txt,6
valmax6.txt,2
ter.hecyra.txt,6
tac.ann6.txt,13
gestafrancorum10.txt,14
fonteio.txt,10
tac.hist3.txt,10
sall.macer.txt,4
pliny.ep2.txt,5
42.txt,1
quadragesima1.txt,9
owen.txt,10
legagr1.txt,1
deuteronomy.txt,2
liv.per139.txt,14
17.txt,12
4 (1).txt,9
repub3.txt,2
bede2.txt,13
aqua1.txt,2
menaechmi.txt,12
germanicus.txt,2
theb12.txt,15
suet.vesp.txt,7
valmax1.txt,9
liv.per26.txt,15
prud12.txt,7
hist4.txt,7
serm90.txt,11
bc2.txt,4
valmax3.txt,1
mart13.txt,10
fulgentius2.txt,2
q1.47.txt,13
manilius2.txt,3
geta.txt,15
gelliuspraef.txt,8
serm80.txt,7
iordanes1.txt,0
liv.per102.txt,11
walter9.txt,9
quintilian.decl.mai9.txt,8
andecavis.txt,2
ambro.txt,6
apuleius.florida.txt,8
gellius4.txt,16
psplato.sisyphus.txt,13
verus.txt,10
digest6.txt,7
mark.txt,15
bill.rights.txt,6
10 (2).txt,11
potatores.txt,9
declaratio.txt,1
mirabilia.txt,3
strat2.txt,0
liv.per38.txt,10
fulgentius5.txt,15
seneca.ep17-18.txt,5
liv.per55.txt,11
theod04.txt,2
liv.1.txt,11
octavia.txt,13
asconius.txt,7
ovid.tristia4.txt,1
godfrey.epigrammata.txt,6
lucretius2.txt,6
liv.per134.txt,1
andronicus.txt,13
arspoet.txt,8
sphaer.txt,5
mart12.txt,8
professio.txt,10
liv.27.txt,15
silius2.txt,8
apuleius9.txt,8
theod07.txt,1
curtius7.txt,1
conf7.txt,1
civ6.txt,8
andreasbergoma.txt,0
manilius4.txt,3
domo.txt,2
amphitruo.txt,6
q1.3.txt,12
bacon.hist5.txt,13
6 (2).txt,6
q1.81.txt,7
liv.per2.txt,3
bc3.txt,14
prud5.txt,16
liv.per16.txt,4
varia5.txt,16
greg.txt,4
sex.rosc.txt,11
liv.3.txt,2
columella.rr8.txt,7
conf6.txt,9
nepos.timo.txt,4
valeriusflaccus2.txt,6
33.txt,11
nepos.epam.txt,13
may2.txt,0
sen.qn5.txt,11
agnes.txt,11
conf.txt,12
8 (3).txt,5
tertullian.idololatria.txt,14
prud.psycho.txt,10
apuleius7.txt,15
sen.medea.txt,15
albertanus2.txt,6
12.txt,14
serm88.txt,3
civ16.txt,15
verres.2.5.txt,7
ovid.her18.txt,3
curtius10.txt,5
theod02.txt,3
asserius.txt,14
chronicles1.txt,5
silius10.txt,11
civ11.txt,10
vitamalchus.txt,4
fam8.txt,6
conf10.txt,5
luscinia.txt,1
ebulo.txt,2
silvae5.txt,5
seneca.ep22.txt,10
john2.txt,9
serm83.txt,9
liv.per44.txt,10
carm4.txt,3
propos.txt,14
tertullian.nationes2.txt,11
resurr.txt,13
trin11.txt,4
inventione2.txt,14
1 (2).txt,1
junillus.txt,13
hist10.txt,8
grattius.txt,5
marc.txt,14
institutes.proem.txt,14
nepos.pr.txt,4
des.med2.txt,16
quintilian.decl.mai19.txt,14
oratio.stephani.txt,7
venantius.txt,2
liv.per41.txt,8
geo4.txt,8
formula.txt,4
appverg.ciris.txt,10
suet.caesar.txt,15
bc1.txt,2
acad.txt,1
civ22.txt,10
gestafrancorum7.txt,12
liv.per75.txt,12
conf4.txt,10
foedusaeternum.txt,10
suet.virgil.txt,8
des.med3.txt,8
liv.28.txt,4
14 (1).txt,5
sall.ep1.txt,13
victor.caes2.txt,10
liv.per18.txt,6
18 (1).txt,12
deio.txt,5
avienus.periegesis.txt,10
tac.dialogus.txt,15
nepos.alc.txt,13
notitia1.txt,12
digest12.txt,11
micah.txt,3
liv.per6.txt,14
legenda.stephani.txt,8
romans.txt,9
tertullian.martyres.txt,8
pseudolus.txt,8
patricius1.txt,10
sen.ira2.txt,11
calpurniusflaccus.txt,5
22.txt,4
may7.txt,3
oratore2.txt,3
bacon.hist2.txt,13
job.txt,12
walter4.txt,1
liv.per15.txt,2
liv.per30.txt,8
liv.per89.txt,10
piccolomini.ep5.txt,13
histrom10.txt,4
sulpiciusseveruschron1.txt,11
prologi (1).txt,1
malaterra1.txt,14
27 (1).txt,12
tertullian.propheta.txt,1
digest23.txt,3
q1.18.txt,4
epist (2).txt,5
reposianus.txt,2
nemesianus3.txt,5
varia10.txt,8
flacco.txt,16
landor.1858.txt,7
gellius13.txt,12
q1.21.txt,11
sannazaro1.txt,8
liv.per1.txt,14
digest18.txt,12
32.txt,7
ovid.fasti5.txt,7
suet.otho.txt,9
varro.ll7.txt,13
nobilis.txt,16
iabervocius.txt,12
appvergculex.txt,9
seneca.ep5.txt,5
pesc.txt,5
ovid.met12.txt,15
tertullian.virginibus.txt,3
mir1.txt,5
esther.txt,11
q1.71.txt,2
sen.consolatione1.txt,1
alfonsi.disciplina.txt,14
hugo1.txt,13
jude.txt,2
silius8.txt,9
seneca.ep10.txt,8
nepos.paus.txt,10
mir8.txt,15
varia8.txt,7
pliny.nhpr.txt,2
histrom3.txt,8
digest16.txt,15
quintilian.decl.mai5.txt,4
10 (1).txt,1
liv.per73.txt,4
liv.7.txt,3
pascoli.sen.txt,9
iamdulcis.txt,16
tertullian.valentinianos.txt,13
13 (2).txt,2
digest21.txt,2
liv.per85.txt,4
apicius2.txt,3
lamentations.txt,12
vegetius4.txt,5
codex7.txt,13
ovid.her17.txt,12
frodebertus.txt,16
tac.ann5.txt,0
cistellaria.txt,1
piccolomini.ep2.txt,3
donation.txt,12
liv.per74.txt,8
sall.mithr.txt,11
bacon.intro.txt,12
seneca.contr3.txt,7
tertullian.gentium.txt,1
mir5.txt,13
gestarom.txt,1
avianus.txt,14
maytitle.txt,12
luke.txt,13
origo.txt,12
ecclesiastes.txt,12
pomponius2.txt,5
sen.thyestes.txt,5
isaiah.txt,15
histrom16.txt,1
q1.7.txt,2
nd2.txt,14
serm87.txt,7
aurel.txt,3
rutilius.txt,15
anast.txt,5
mir6.txt,9
civ20.txt,13
bacon.hist1.txt,13
liv.per128.txt,1
14.txt,14
quintilian.decl.mai1.txt,3
hist5.txt,13
codex5.txt,5
liv.per108.txt,11
anselmepistula.txt,11
liv.24.txt,7
serm99.txt,6
liv.per7.txt,4
digest17.txt,10
34.txt,0
mart5.txt,5
sall.ep2.txt,7
q1.1.txt,6
leo2.txt,16
sabinus2.txt,8
dumdiane.txt,9
spinoza.ethica4.txt,2
serm11.txt,8
sen.qn2.txt,6
ben2.txt,5
forsett1.txt,5
ovid.fasti4.txt,14
ep.txt,1
psplato.amatores.txt,8
apuleius6.txt,11
capellanus1.txt,15
tertullian.uxor1.txt,5
historia (1).txt,4
divinatione2.txt,12
seneca.ep7.txt,16
suet.terence.txt,13
prud4.txt,15
q1.63.txt,4
ovid.her13.txt,8
liv.per78.txt,15
achilleid2.txt,9
marullo.txt,15
rumor.txt,6
trin14.txt,2
anima.txt,7
q1.61.txt,11
georgio.txt,5
39.txt,12
pliny.nh4.txt,12
q1.33.txt,11
sestio.txt,2
gellius5.txt,6
leg3.txt,7
epitomecononiana.txt,7
serm13.txt,2
bacon.hist8.txt,1
hugo5.txt,2
liv.per14.txt,14
machinae.txt,13
lucan4.txt,16
3 (4).txt,2
varro.frag.txt,3
axio.txt,5
walter8.txt,2
corvinus1.txt,0
judges.txt,1
varia11.txt,1
codex12.txt,16
serm2.txt,9
att4.txt,2
vicentius.txt,2
tusc3.txt,7
quintilian.decl.mai15.txt,7
liv.per23.txt,12
piccolomini.ep1.txt,7
tobia.txt,16
rabirio.txt,10
tertullian.uxor2.txt,9
piccolomini.ep3.txt,13
theb4.txt,8
waltarius2.txt,16
silius1.txt,4
caeciliusbalbus.txt,12
att3.txt,10
apuleius8.txt,4
ovid.met14.txt,8
blesensis.txt,4
henry2.txt,5
pax.txt,16
quintilian.decl.mai18.txt,2
gestafrancorum2.txt,15
alanus2.txt,8
liv.per80.txt,8
suet.dom.txt,13
qualitate.txt,2
gellius6.txt,9
theod05.txt,4
prosperus.rufinum.txt,5
fratrem1.txt,10
kings2.txt,2
gestafrancorum8.txt,15
ec9.txt,14
carm3.txt,2
bacon.hist11.txt,6
orosius2.txt,14
sirach.txt,8
paulo.txt,2
silius3.txt,11
liv.36.txt,15
gregorytours9.txt,16
gall5.txt,8
liv.per59.txt,6
ovid.ibis.txt,13
liv.per113.txt,10
resgestae1.txt,14
gwinne5.1.txt,13
theb8.txt,6
theb7.txt,9
ovid.artis2.txt,14
galatians.txt,5
hugo6.txt,3
theod15.txt,4
passerat.txt,4
digest3.txt,14
liv.21.txt,14
q1.22.txt,2
expositio.txt,5
ennodius.txt,10
mon2.txt,11
conf5.txt,2
apuleius10.txt,6
chronicles2.txt,3
aen11.txt,5
caecilium.txt,10
liv.35.txt,8
19.txt,15
suscipeflos.txt,1
vegetius2.txt,12
hisp.txt,16
richerus3.txt,16
sall.1.txt,3
catalogueliberien.txt,7
20 (1).txt,10
psplato.eryxias.txt,2
bacon.titlepage.txt,13
sen.consolatione3.txt,13
liv.per62.txt,10
epistaustras.txt,8
sen.phaedra.txt,5
quintilian.institutio10.txt,14
serm82.txt,11
gwinne2.txt,13
histrom8.txt,4
newton.capita.txt,7
mart3.txt,2
seneca.ep2.txt,12
fam5.txt,2
psplato.minos.txt,13
q1.15.txt,5
liv.per118.txt,7
henry1.txt,6
curtius4.txt,7
theodolus.txt,11
gwinne3.txt,15
histrom13.txt,2
bedepraef.txt,15
suet.pliny.txt,11
hydatiuschronicon.txt,9
epist1.txt,2
digest38.txt,3
theod03.txt,14
mir3.txt,10
matthew.txt,10
marc (1).txt,14
liv.per116.txt,0
nepos.dion.txt,4
repellenda.txt,10
serm74.txt,4
verres.2.4.txt,13
hugo3.txt,9
nahum.txt,3
ben1.txt,0
apuleius3.txt,16
pliny.ep1.txt,3
fulbert.txt,13
liv.per46.txt,13
17 (3).txt,10
lig.txt,15
landor1795.txt,5
hist5 (1).txt,4
seneca.suasoriae.txt,1
12 (3).txt,1
syrus.txt,6
digest50.txt,4
varia12.txt,4
tertullian.testimonia.txt,1
apuleius.dog1.txt,14
thesauro.txt,11
letabundus.txt,14
piccolomini.turcos.txt,2
pliny.ep7.txt,0
sigebert.vitabrevior.txt,15
apicius4.txt,10
nepos.thras.txt,6
wmconchesdogma.txt,7
valmax2.txt,7
suet.nero.txt,14
ovid.met13.txt,1
liv.5.txt,1
16 (1).txt,14
exhortatio.txt,14
fam9.txt,8
divinst1.txt,7
marcellinus1.txt,4
imp.txt,4
claudian.ruf1.txt,3
pliny.panegyricus.txt,13
liv.34.txt,6
liv.per103.txt,2
serm1.txt,9
gregorytours8.txt,15
priapea.txt,4
digest49.txt,11
dulcesolum.txt,8
30 (2).txt,14
minucius.txt,15
liv.per123.txt,5
ovid.amor1.txt,7
valesianus2.txt,3
prud1.txt,2
q1.80.txt,4
gaius1.txt,15
2.txt,3
diesirae.txt,16
hyginus3.txt,11
hebet.txt,4
nepos.ham.txt,12
varia3.txt,7
16 (3).txt,5
histrom14.txt,3
luc.txt,9
gregorytours4.txt,13
bacon.hist4.txt,3
demort.txt,3
q1.48.txt,8
nd3.txt,14
ec6.txt,3
nepos.cat.txt,10
codex6.txt,12
29.txt,4
histrom1.txt,5
liv.per43.txt,2
appvergcomp.txt,12
nepos.mil.txt,14
gauss.txt,10
egeria1.txt,5
liv.per53.txt,3
curtius5.txt,16
liv.29.txt,15
gall7.txt,3
inquisitio.txt,13
histrom11.txt,6
mysteriis.txt,10
quintilian.decl.mai14.txt,1
vitruvius3.txt,10
liv.per104.txt,1
9 (1).txt,11
suet.tib.txt,5
oratio.txt,5
garland.txt,3
seneca.contr7.txt,15
vitruvius4.txt,5
nepos.con.txt,1
fam15.txt,12
tertullian.patientia.txt,14
raoul.txt,10
16 (4).txt,15
liv.per127.txt,2
digest48.txt,4
cato.dis.txt,6
q1.44.txt,12
ovid.her2.txt,15
liv.per117.txt,15
fulgentius3.txt,15
q1.10.txt,11
prud2.txt,5
3.txt,13
serm2 (1).txt,15
hannes.txt,6
coll.txt,3
scottus.txt,4
commodianus3.txt,1
liv.26.txt,8
fam3.txt,2
liv.per65.txt,3
liv.per110.txt,15
19 (2).txt,4
eutropius7.txt,5
may1.txt,12
bacon.hist7.txt,2
liv.per31.txt,15
bernardcluny1.txt,2
hugo2.txt,9
tevigilans.txt,15
3 (2).txt,14
leg1.txt,5
liv.22.txt,10
sen.vita.txt,12
newton.scholium.txt,3
sen.tranq.txt,0
campion.umbra.txt,2
balbus.txt,10
curculio.txt,6
trin4.txt,5
digest24.txt,14
rosccom.txt,5
gregorytours5.txt,7
37.txt,8
sen.brevita.txt,15
fam4.txt,14
liv.4.txt,2
liv.25.txt,4
thom.txt,12
sententiae2.txt,1
q1.11.txt,9
columella.rr7.txt,4
musavenit.txt,8
curtius3.txt,14
quintilian.institutio4.txt,16
hugo4.txt,3
kempis4.txt,13
nithardus3.txt,13
genesis.txt,9
q1.73.txt,3
zonaras.txt,8
gestafrancorum4.txt,6
serm14.txt,9
anon.deramis.txt,1
diravi.txt,13
malachias.txt,2
thessalonians2.txt,5
ovid.met11.txt,1
civ4.txt,8
concilium2.txt,13
conf9.txt,4
gwinne4.txt,14
amos.txt,5
ver1.txt,4
q1.5.txt,11
liv.per57.txt,3
digest2.txt,4
valeriusflaccus7.txt,10
hist11.txt,14
claudian.cons6.txt,7
adso.txt,2
bacon.hist9.txt,10
tertullian.marcionem1.txt,2
silius11.txt,12
ec2.txt,2
albertanus1.txt,5
valmax5.txt,4
tertullian.deiudicio.txt,6
liv.41.txt,15
ovid.fasti6.txt,4
theb2.txt,13
aen6.txt,11
lucretius3.txt,10
hist8.txt,10
digest32.txt,15
fam6.txt,9
q1.53.txt,10
serm71.txt,4
piccolomini.carmen.txt,5
liv.per138.txt,15
histrom2.txt,2
sen.phoen.txt,13
liv.per77.txt,16
sigebert.script.txt,3
resgestae.txt,14
serm75.txt,3
campion.epigr2.txt,2
hyginus1.txt,0
falcone.txt,15
serm9.txt,13
sidonius3.txt,2
oratore3.txt,9
valmax4.txt,12
serm78.txt,13
phil10.txt,7
serm73.txt,11
ein.txt,3
alexio.txt,12
q1.9.txt,15
psplato.virtu.txt,3
nepos.age.txt,14
des.ep.txt,12
sen.constantia.txt,9
quintilian.decl.mai11.txt,15
sidonius4.txt,9
hist6 (1).txt,2
richerus4.txt,4
eugippius.txt,6
ovid.her21.txt,1
creeds.txt,13
colossians.txt,15
bultelius1.txt,7
digest26.txt,5
digest47.txt,15
judith.txt,3
liv.per20.txt,12
rabiriopost.txt,9
nepos.them.txt,14
serm15.txt,1
habakkuk.txt,7
liv.45.txt,11
vegetius1.txt,16
albertanus3.txt,10
tertullian.monog.txt,3
tertullian.nationes1.txt,14
aen8.txt,10
walter11.txt,14
tac.hist5.txt,8
repub5.txt,1
tertullian.castitatis.txt,9
asinaria.txt,15
claudian.proserp1.txt,7
bacchides.txt,1
suet.horace.txt,14
tertullian.pudicitia.txt,6
liv.pr.txt,15
columella.rr12.txt,4
nepos.cha.txt,14
lucan8.txt,3
debury.txt,15
lhomond.historiae.txt,14
phil7.txt,1
esdras1.txt,8
ovid.ponto3.txt,14
stichus.txt,16
15 (2).txt,0
godfrey.epigrammatahist.txt,9
geo2.txt,9
gestafrancorum6.txt,7
tertullian.marcionem4.txt,12
phaedr4.txt,0
praelium.txt,16
ampelius.txt,13
tertullian.marcionem3.txt,13
ter.heauton.txt,12
eutropius3.txt,9
colman.txt,9
varro.ll8.txt,12
orosius7.txt,11
trin15.txt,5
nepos.aris.txt,13
digest4.txt,7
tertullian.scapulam.txt,1
prud8.txt,13
balde1.txt,13
firmus.txt,2
liv.per101.txt,12
ec4.txt,8
philip.txt,12
clitophon.txt,5
q1.58.txt,11
liv.per8.txt,16
censorinus.txt,16
tertullian.adsenatorem.txt,14
liv.per84.txt,5
liv.2.txt,12
18.txt,2
31.txt,11
apuleius1.txt,12
28 (1).txt,4
q1.86.txt,15
ovid.met2.txt,8
11 (2).txt,14
annalesvedastini.txt,9
ficino.txt,3
perp.txt,1
tac.ann16.txt,11
3 (3).txt,1
nemesianus4.txt,7
albertanus.sermo3.txt,1
kings1.txt,8
hist2.txt,2
trin7.txt,3
gestafrancorum9.txt,1
walter10.txt,15
mart11.txt,10
tertullian.baptismo.txt,5
theb9.txt,5
zacharias.txt,3
25 (1).txt,3
silius14.txt,8
nic.txt,0
seneca.contr6.txt,11
wisdom.txt,6
epitaphs.txt,10
q1.27.txt,1
nepos.lys.txt,6
ferraria.txt,4
prec.terr.txt,11
walter7.txt,9
luther.praef.txt,6
q1.43.txt,4
dialogus.txt,14
digest10.txt,5
2 (1).txt,1
thessalonians1.txt,7
phil9.txt,15
phil1.txt,0
sulpicia.txt,4
pliny.ep9.txt,6
liv.per37.txt,4
tac.hist1.txt,8
theod14.txt,12
vitruvius1.txt,1
histrom9.txt,4
ovid.fasti3.txt,9
tertullian.marcionem5.txt,13
tertullian.marcionem2.txt,15
praefatio.txt,13
codex10.txt,6
5 (2).txt,11
suet.aug.txt,9
liv.per94.txt,11
43.txt,13
3 (1).txt,14
john1.txt,13
hydatiusfasti.txt,5
liv.9.txt,7
vitruvius7.txt,3
fam13.txt,13
sen.oedipus.txt,12
liv.per141.txt,10
serm20.txt,5
q1.46.txt,4
mon3.txt,16
ovid.her4.txt,16
liv.per140.txt,1
30 (1).txt,3
liv.per29.txt,9
sententiae3.txt,13
q1.83.txt,7
serm77.txt,16
silius4.txt,6
liv.per69.txt,3
paradoxa.txt,9
columella.rr3.txt,9
xanten.txt,5
q1.68.txt,6
q1.56.txt,10
quintilian.institutio2.txt,13
ipsavivere.txt,8
macarius1.txt,13
institutes2.txt,6
piso.txt,10
liv.per98.txt,1
digest46.txt,13
digest13.txt,12
1644.txt,2
liv.per99.txt,2
may6.txt,10
26 (1).txt,7
carm.bur.txt,13
songofsongs.txt,0
pascoli.iug.txt,3
digest44.txt,5
claudian.proserp3.txt,1
silius17.txt,15
ant.txt,12
liv.per126.txt,6
serm4.txt,13
henry3.txt,1
liv.per67.txt,8
liv.per22.txt,13
querela.txt,10
quintilian.institutio1.txt,1
gellius10.txt,1
lucan7.txt,16
columella.rr9.txt,3
hrabanus.txt,3
legagr3.txt,12
dumestas.txt,8
novatian.txt,7
q1.28.txt,11
seneca.contr4.txt,8
regula.txt,1
valeriusflaccus8.txt,8
sen.otio.txt,0
hadr.txt,2
columella.arbor.txt,1
alexsev.txt,3
liv.per9.txt,0
ente.txt,7
sall.invectiva.txt,5
bernardcluny2.txt,14
20.txt,9
q1.49.txt,14
cat4.txt,5
notitia2.txt,7
samuel1.txt,2
12 (1).txt,9
mart7.txt,16
25.txt,16
waltarius3.txt,5
eutropius2.txt,12
theod06.txt,11
nd1.txt,7
quintilian.decl.mai4.txt,6
campion.thamesin.txt,14
silius13.txt,3
kempis2.txt,13
montanus.txt,0
vegius.txt,7
apuleius.dog2.txt,6
serm5.txt,3
bacon.sermones.txt,2
epistula.txt,3
bede4.txt,14
theophanes.txt,16
4 (2).txt,15
quintilian.institutio11.txt,3
helio.txt,3
liv.per130.txt,6
liv.per124.txt,5
leo1.txt,11
tempusest.txt,7
nepos.cim.txt,15
ovid.amor3.txt,13
tertullian.carne.txt,9
aelii.txt,13
corinthians2.txt,3
hymns.txt,5
spinoza.ethica5.txt,4
janus1.txt,15
numbers.txt,10
trinummus.txt,4
gellius9.txt,13
more.txt,6
liv.per70.txt,15
seneca.ep16.txt,9
tertullian.herm.txt,13
gall6.txt,1
campion.elegies.txt,10
johannes.txt,2
pliny.ep4.txt,16
quintilian.decl.mai12.txt,2
columella.rr6.txt,11
digest39.txt,6
liv.per129.txt,10
fulgentius1.txt,0
psplato.iusto.txt,10
omnegenus.txt,7
nepos.eum.txt,10
q1.57.txt,9
des.med6.txt,9
pliny.nh2.txt,15
ovid.tristia5.txt,7
sidonius8.txt,6
celtis.odes.txt,11
theb5.txt,11
barometri.txt,9
dia.txt,3
mirabilia1.txt,5
ovid.met4.txt,2
liv.per39.txt,15
claudian.proserp2.txt,6
serm95.txt,16
apicius5.txt,12
tertullian.cultu2.txt,1
poems.txt,11
geo1.txt,11
anselmproslogion.txt,11
philemon.txt,8
claud.inscr.txt,6
ovid.her7.txt,9
fide.txt,15
waltarius1.txt,0
ant (1).txt,13
digest14.txt,4
apuleius11.txt,9
apuleius5.txt,10
fortunat.txt,3
florus2.txt,12
q1.59.txt,5
tac.ann2.txt,7
pliny.nh1.txt,12
digest25.txt,9
valesianus1.txt,5
cluentio.txt,3
mir2.txt,12
ec1.txt,10
mir4.txt,9
albertanus.sermo1.txt,14
valesianus.txt,5
alex.txt,14
liv.6.txt,6
daniel.txt,4
epist2.txt,12
rutiliuslupus.txt,7
walter12.txt,5
terraiam.txt,8
1.txt,7
q1.51.txt,6
landor1806.txt,3
poenulus.txt,12
13 (1).txt,10
codex8.txt,11
florus1.txt,10
bellafr.txt,4
epitaphium.txt,7
aelredus.txt,5
tac.ann14.txt,7
sannazaro2.txt,0
tusc4.txt,14
suet.cal.txt,6
phil12.txt,9
oresmius.txt,8
suet.lucan.txt,7
ovid.her11.txt,14
liv.per11.txt,12
ave.phoen.txt,12
epist.txt,10
digest34.txt,9
levis.txt,1
sall.2.txt,6
curtius9.txt,4
civ7.txt,0
27.txt,3
liv.per12.txt,2
fin3.txt,14
newton.leges.txt,12
vir.txt,1
pontano.txt,9
jonah.txt,5
44.txt,10
mart10.txt,4
gellius1.txt,11
21.txt,2
liv.per68.txt,8
des.med5.txt,9
walter5.txt,2
civ14.txt,11
sidonius5.txt,2
tac.hist4.txt,6
codex4.txt,1
civ10.txt,0
seneca.ep20.txt,4
macabees2.txt,2
liv.per13.txt,11
verres.2.2.txt,11
porphyrius.txt,7
val.txt,14
spinoza.ethica3.txt,2
historia.txt,10
mac.txt,12
2 (3).txt,5
tertullian.haereses.txt,14
pliny.ep8.txt,5
hugo.solo.txt,11
16 (2).txt,6
silvae1.txt,10
lucan3.txt,12
valeriusflaccus5.txt,1
sedulius5.txt,14
leviticus.txt,15
ovid.her19.txt,11
ovid.met3.txt,15
holberg.txt,9
liv.per5.txt,10
albertanus.sermo4.txt,11
conf12.txt,12
marx.txt,11
7 (1).txt,14
liv.per106.txt,4
trin2.txt,9
15 (1).txt,4
withof3.txt,9
sententiae1.txt,5
pomponius3.txt,13
theb6.txt,5
tertullian.spect.txt,6
histrom5.txt,3
serm7.txt,16
histrom4.txt,12
att14.txt,7
8 (1).txt,9
liv.per4.txt,15
albertanus.arsloquendi.txt,15
ovid.tristia3.txt,4
campion.plot1.txt,10
liv.per24.txt,5
tertullian.cultu1.txt,14
withof2.txt,10
26.txt,1
varia1.txt,1
38.txt,9
q1.66.txt,5
digest42.txt,15
civ19.txt,11
varro.ll6.txt,11
samuel2.txt,12
dares.txt,3
lucan2.txt,3
varia4.txt,7
orosius1.txt,2
41.txt,5
suet.crispus.txt,16
walter6.txt,11
hist3 (1).txt,6
paulinus.poemata.txt,4
hebrews.txt,16
brut.txt,10
patricius2.txt,2
liv.per58.txt,3
macarius.txt,8
eutropius10.txt,13
baruch.txt,6
manasses.txt,3
tibullus2.txt,2
codex9.txt,13
cat1.txt,8
quintilian.decl.mai6.txt,15
scaliger.txt,14
anon.nev.txt,5
gregdecretals2.txt,8
fin4.txt,4
liv.per79.txt,8
q1.37.txt,4
forsett2.txt,15
malaterra2.txt,16
digest11.txt,8
quintilian.institutio3.txt,1
smarius.txt,7
suet.vit.txt,5
sen.prov.txt,7
columba2.txt,8
comes.txt,1
phaedr5.txt,14
quintilian.institutio8.txt,10
inst.txt,12
sedulius3.txt,4
naevius.txt,5
testamentum.txt,6
tertullian.ieiunio.txt,15
claud.txt,5
tertullian.scorpiace.txt,14
gaius2.txt,15
phaedr3.txt,11
ovid.artis3.txt,5
silius5.txt,16
valeriusflaccus1.txt,3
bebel.txt,2
ec10.txt,7
liv.8.txt,16
kempis1.txt,3
desummobono.txt,2
serm79.txt,1
aen5.txt,14
hist9.txt,13
com.txt,16
carmenarvale.txt,7
liv.per40.txt,12
fabulae.txt,2
liv.per121.txt,7
carmina.txt,9
strat4.txt,7
serm16.txt,14
valmax9.txt,2
varia.praef.txt,3
hist3.txt,13
pascha.txt,6
carmensaliare.txt,4
epitomefeliciana.txt,11
40.txt,6
bacon.liber1.txt,15
14 (2).txt,12
solinus3.txt,2
campion.misc.txt,9
theod16.txt,7
aus.sept.sent.txt,3
albertanus.liberconsol.txt,10
aen12.txt,9
withof.txt,14
att10.txt,1
ep (1).txt,13
tac.ann12.txt,15
optgen.txt,3
columbus.txt,9
28.txt,9
landor1810.txt,9
columella.rr2.txt,1
tac.hist2.txt,9
bacon.epistola.txt,14
adbrutum2.txt,16
hist2 (1).txt,7
institutes4.txt,3
proverbs.txt,6
trin12.txt,1
princ.txt,9
rec.txt,11
sen.clem.txt,8
phaedr2.txt,5
liv.per87.txt,5
petrarch.rom.txt,13
liv.per119.txt,6
mon1.txt,15
ovid.fasti2.txt,11
marcant.txt,5
gestafrancorum5.txt,11
cella.txt,6
liv.per63.txt,14
liv.42.txt,16
sequentia.txt,14
brevechronicon.txt,4
capellanus3.txt,13
walter1.txt,5
bedeproverbs.txt,14
boskovic.txt,14
solinus4a.txt,9
att8.txt,4
andrea.txt,4
manilius5.txt,12
nepos.att.txt,9
gellius20.txt,3
liv.per105.txt,8
silius6.txt,7
bede1.txt,14
theod09.txt,10
liv.40.txt,6
sabinus1.txt,8
gregdecretals3.txt,13
nithardus2.txt,11
columella.rr4.txt,8
cato.frag.txt,6
fratrem3.txt,9
varro.rr1.txt,4
apuleius2.txt,2
fam12.txt,14
lim.txt,14
vitruvius5.txt,2
histrom6.txt,3
digest35.txt,7
liv.per56.txt,6
fin1.txt,5
aus.mos.txt,9
suet.persius.txt,4
gregorytours10.txt,10
nehemiah.txt,12
hist4 (1).txt,7
liv.per.txt,8
protospatarius.txt,8
varia7.txt,10
q1.62.txt,5
q1.39.txt,3
lucernarium.txt,6
att6.txt,5
berengar.txt,8
richerus2.txt,15
q1.64.txt,11
fragmentumlaurentianum.txt,15
trin9.txt,16
repub4.txt,10
tacitus.txt,6
gwinne5.2.txt,3
ec5.txt,5
liv.per66.txt,6
bacon.distributio.txt,11
sall.phil.txt,5
buchanan.txt,6
seneca.contr9.txt,2
macabees1.txt,12
digest37.txt,4
des.med4.txt,10
ter.phormio.txt,1
silv.txt,7
joel.txt,13
baldo.txt,10
zephaniah.txt,4
calpurniussiculus.txt,6
mercator.txt,8
mart8.txt,13
fratrem2.txt,11
ephesians.txt,1
ovid.her16.txt,7
tac.ann11.txt,6
pastourelles.txt,7
mart.spec.txt,4
gestafrancorum1.txt,2
liv.per135.txt,6
falcandus.txt,2
ovid.tristia2.txt,14
serm18.txt,12
ruth.txt,13
captivi.txt,12
dumdomus.txt,9
civ15.txt,9
valmax7.txt,5
sall.pomp.txt,14
q1.23.txt,8
vestiunt.txt,8
hosea.txt,3
withof7.txt,9
innocent1.txt,9
quintilian.decl.mai17.txt,4
precatio.txt,3
liv.per133.txt,11
varro.rr3.txt,15
jeremiah.txt,1
